nwp_rainfall,log_nwp_rainfall,wind_speed_ms,u_wind_10m,v_wind_10m,temperature_2m,relative_humidity_2m,dew_point_depression,surface_pressure,cape,w_max_convective,month,day_of_year,sin_doy,cos_doy,sin_month,cos_month,is_monsoon_season,is_monsoon_core,is_ne_monsoon,forecast_lead_time,latitude,longitude,in_core_monsoon_zone,in_western_ghats_belt,in_northeast_hills,dist_to_coast_approx_km,nwp_rainfall_lag1,nwp_rainfall_rolling3
1.0789421905798666,1.599513478298109,-0.1080504303748565,0.08408283826753067,-0.1652441438584233,1.3669186207512813,-0.9331506735438205,0.9331506735438181,0.07028649735519049,2.031218572314287,1.8895998134614729,-1.3505259219210606,-1.7179113807746667,1.9010370570623054,-0.4867159356729242,1.5396619888576553,-1.0567043334986914,0.0,-1.0165300454651272,0.0,0.0,-3.552713678800501e-15,0.0,0.0,0.0,0.0,4.263256414560601e-14,-0.39080674858602765,-0.44774089159052655
0.48863537672832513,1.2126406867463255,-0.5196864194014433,-0.9314876193814208,1.2416234629971727,1.0963211423002974,-0.9282027463789763,0.928202746378974,0.24147984848923829,2.0729202621849216,1.916951617616436,-1.3505259219210606,-1.6895161513403747,1.869785248404022,-0.5153533147491769,1.5396619888576553,-1.0567043334986914,0.0,-1.0165300454651272,0.0,0.0,-3.552713678800501e-15,0.0,0.0,0.0,0.0,4.263256414560601e-14,1.0808186952865286,1.4746749247401254
2.2595558182829496,2.073311883002586,-0.4412795643487602,-4.788795497850179,0.9128640447736504,1.0061219828166368,-0.8242962759172224,0.8242962759172202,0.6796533067491047,0.9723582729903533,1.12141486233898,-1.3505259219210606,-1.6611209219060827,1.8382315328629197,-0.5431225423238416,1.5396619888576553,-1.0567043334986914,0.0,-1.0165300454651272,0.0,0.0,-3.552713678800501e-15,0.0,0.0,0.0,0.0,4.263256414560601e-14,0.49067448175387907,1.0707630909898023
-0.2212272475235285,0.2590838482253262,0.06836499349368169,-2.1511664334019858,2.9557308660482677,2.044700876299935,-2.125601120271568,2.1256011202715652,1.0587242985458891,0.5444626725786267,0.7556717319496987,-1.3505259219210606,-1.6327256924717908,1.8063852476910764,-0.5700154010357158,1.5396619888576553,-1.0567043334986914,0.0,-1.0165300454651272,0.0,0.0,-3.552713678800501e-15,0.0,0.0,0.0,0.0,4.263256414560601e-14,2.2611071223518273,1.7439494805736744
0.951914142029535,1.52937121940742,-1.8526029552970606,-2.827541965850948,0.6228117144372123,0.14794140830065952,-0.5719519905101059,0.5719519905101034,1.0036978642527168,-0.28050554007957557,-0.12042678669517543,-1.3505259219210606,-1.6043304630374988,1.7742558167166316,-0.596023932855243,1.5396619888576553,-1.0567043334986914,0.0,-1.0165300454651272,0.0,0.0,-3.552713678800501e-15,0.0,0.0,0.0,0.0,4.263256414560601e-14,-0.21899261046892723,1.1508637500035797
0.7426914738289886,1.4001425368126739,-0.7157035570331522,-0.44321966862742124,-0.19551654675033434,1.1117838553546429,-1.4625788801822819,1.4625788801822792,0.8182384005242068,0.12381953997048838,0.34625991042487375,-1.3505259219210606,-1.5759352336032066,1.7418527475551244,-0.6211404414394195,1.5396619888576553,-1.0567043334986914,0.0,-1.0165300454651272,0.0,0.0,-3.552713678800501e-15,0.0,0.0,0.0,0.0,4.263256414560601e-14,0.9538256366782369,1.3621931482526934
0.36160732817799335,1.101515907222931,-0.5588898469277854,-0.2001456869297052,-0.6379451700053853,0.6917134840450154,-0.7055460239609322,0.70554602396093,0.9710896068938825,0.13288512472497427,0.355763466925248,-1.3505259219210606,-1.5475400041689147,1.7091856287960336,-0.6453574944092705,1.5396619888576553,-1.0567043334986914,0.0,-1.0165300454651272,0.0,0.0,-3.552713678800501e-15,0.0,0.0,0.0,0.0,4.263256414560601e-14,0.7446605989704624,0.6702597959209162
-0.5126445353742894,-1.1467008793167253,0.636814692625636,0.6542398328165356,0.15437936647503706,1.1607491133600563,-1.418047535698673,1.4180475356986708,1.0261160411869434,-0.6648863336697707,-0.6889896635864001,-1.3505259219210606,-1.5191447747346227,1.6762641271653653,-0.6686679255492061,1.5396619888576553,-1.0567043334986914,0.0,-1.0165300454651272,0.0,0.0,-3.552713678800501e-15,0.0,0.0,0.0,0.0,4.263256414560601e-14,0.3636814231455873,0.9361258130730279
4.090254165037729,2.5125444172038343,0.7740266889678313,0.8268293259056383,-0.09113955703103786,0.9236541798601445,-0.8737755475656754,0.8737755475656732,0.5492202773136,0.0603604466890883,0.2787325540139117,-1.3505259219210606,-1.4907495453003308,1.6430979846651068,-0.691064836927624,1.5396619888576553,-1.0567043334986914,0.0,-1.0165300454651272,0.0,0.0,-3.552713678800501e-15,0.0,0.0,0.0,0.0,4.263256414560601e-14,-0.5103296272761846,0.26805223151131186
-0.32583858162380164,-0.03854832727717802,0.46039926875709836,0.4021701456902805,0.502904668873726,-1.050418853410841,0.6452380920418679,-0.6452380920418703,0.11716086730859845,-0.8280668592505138,-1.0070402712679432,-1.3505259219210606,-1.4623543158660386,1.6096970156904165,-0.7125416009381154,1.5396619888576553,-1.0567043334986914,0.0,-1.0165300454651272,0.0,0.0,-3.552713678800501e-15,0.0,0.0,0.0,0.0,4.263256414560601e-14,4.091301202294853,1.7950775607952338
-0.5126445353742894,-1.1467008793167253,2.067739797337108,1.6437417409349915,1.1695192007667827,-0.32109422101438123,-0.5224727188616511,0.5224727188616487,-0.11109693420340966,-0.8770210169247368,-1.119876388784292,-1.3505259219210606,-1.4339590864317466,1.5760711041253823,-0.7330918622606827,1.5396619888576553,-1.0567043334986914,0.0,-1.0165300454651272,0.0,0.0,-3.552713678800501e-15,0.0,0.0,0.0,0.0,4.263256414560601e-14,-0.32357512932281446,1.4814920021029996
-0.5126445353742894,-1.1467008793167253,1.4208832431524692,1.0401159474542148,1.231243804507954,0.9571567248112234,-0.8886193290602118,0.8886193290602091,-0.4229133951975701,0.4737511114936379,0.6908451430444558,-1.3505259219210606,-1.4055638569974547,1.5422302004182273,-0.7527095397423771,1.5396619888576553,-1.0567043334986914,0.0,-1.0165300454651272,0.0,0.0,-3.552713678800501e-15,0.0,0.0,0.0,0.0,4.263256414560601e-14,-0.5103296272761846,1.4814920021029996
-0.40056096312399675,-0.33618050277968226,0.930840399073198,0.9134468261406128,0.13383984825329456,0.93911689291449,-0.8341921302469126,0.8341921302469105,-0.2822902853374574,0.5807250115965695,0.7883785035077128,-1.3505259219210606,-1.3771686275631627,1.5081843186368056,-0.7713888281968145,1.5396619888576553,-1.0567043334986914,0.0,-1.0165300454651272,0.0,0.0,-3.552713678800501e-15,0.0,0.0,0.0,0.0,4.263256414560601e-14,-0.5103296272761846,-0.6181678256623929
-0.19881053307346994,0.3116478341521502,0.42119584123075615,0.5317296350510899,-0.12362203695066833,1.1246694495665914,-0.9628382365328931,0.9628382365328905,-0.8549728052024604,0.29243941640392307,0.5176772043533362,-1.3505259219210606,-1.3487733981288705,1.4739435335052813,-0.7891242001220201,1.5396619888576553,-1.0567043334986914,0.0,-1.0165300454651272,0.0,0.0,-3.552713678800501e-15,0.0,0.0,0.0,0.0,4.263256414560601e-14,-0.3982769285041625,-0.6522532124767662
-0.5051722972242699,-1.062392656898271,0.8916369715468565,0.8340684820045413,0.3254196146263966,1.2174457278926445,-0.8985151833899038,0.8985151833899016,-1.4541495341716555,0.5752856607438781,0.7834950173257974,-1.3505259219210606,-1.3203781686945786,1.439517977422855,-0.8059104073361079,1.5396619888576553,-1.0567043334986914,0.0,-1.0165300454651272,0.0,0.0,-3.552713678800501e-15,0.0,0.0,0.0,0.0,4.263256414560601e-14,-0.19658207071452283,-0.5090945878563984
-0.4902278209242309,-0.9146221568886335,0.7544249752046611,0.7020163694912429,0.3708875124077353,1.1349779249361522,-0.91335896488444,0.9133589648844375,-1.582544547522094,0.6840726777977069,0.8797142407703493,-1.3505259219210606,-1.2919829392602866,1.4049178374654283,-0.8217424825302968,1.5396619888576553,-1.0567043334986914,0.0,-1.0165300454651272,0.0,0.0,-3.552713678800501e-15,0.0,0.0,0.0,0.0,4.263256414560601e-14,-0.5028594473580498,-0.5056860491749611
-0.37067201052391874,-0.20489309120885948,0.3427889861780731,0.2954372874235057,0.5036905348393081,0.2510261619962732,-0.45320173855381574,0.4532017385538136,-0.9976339311475281,0.01321940596576255,0.22737497560569594,-1.3505259219210606,-1.2635877098259947,1.3701533523710752,-0.8366157407388249,1.5396619888576553,-1.0567043334986914,0.0,-1.0165300454651272,0.0,0.0,-3.552713678800501e-15,0.0,0.0,0.0,0.0,4.263256414560601e-14,-0.48791908752178015,-0.546588513352209
-0.46781110647417234,-0.7309512648129846,0.16637356230953618,-0.20321109564381332,1.3004279077264698,-0.27986031953613183,0.20982050153547188,-0.20982050153547419,-0.7999463709094551,-0.13545618400780363,0.05790593946370396,-1.3505259219210606,-1.2351924803917025,1.335234809510243,-0.8505257807252996,1.5396619888576553,-1.0567043334986914,0.0,-1.0165300454651272,0.0,0.0,-3.552713678800501e-15,0.0,0.0,0.0,0.0,4.263256414560601e-14,-0.36839620883162333,-0.6249849030252675
-0.4902278209242309,-0.9146221568886335,1.068052395415394,0.6206096979670988,1.466097490412435,0.0010456342844106516,-0.5670040633452599,0.5670040633452577,-0.12128701462801762,-0.6467551641607991,-0.6575832410158934,-1.3505259219210606,-1.2067972509574105,1.3001725418415495,-0.8634684862850983,1.5396619888576553,-1.0567043334986914,0.0,-1.0165300454651272,0.0,0.0,-3.552713678800501e-15,0.0,0.0,0.0,0.0,4.263256414560601e-14,-0.4655085477673757,-0.6079422096180809
-0.47528334462419186,-0.788039899057462,0.852433544020515,0.5759886930647217,1.0541089014102076,-0.3571738848078415,-0.1414823271685542,0.14148232716855186,0.539030196888992,-0.6032403573392676,-0.5846320970108035,-1.3505259219210606,-1.1784020215231186,1.264976924854095,-0.8754400274634181,1.5396619888576553,-1.0567043334986914,0.0,-1.0165300454651272,0.0,0.0,-3.552713678800501e-15,0.0,0.0,0.0,0.0,4.263256414560601e-14,-0.48791908752178015,-0.6079422096180809
-0.5126445353742894,-1.1467008793167253,0.9504421128363695,0.7066888879043159,0.9398861671788068,-0.104616238253591,-0.5719519905101059,0.5719519905101034,1.123940813263558,-0.7029617896386108,-0.7571016504291591,-1.3505259219210606,-1.1500067920888266,1.2296583734971884,-0.8864368616886205,1.5396619888576553,-1.0567043334986914,0.0,-1.0165300454651272,0.0,0.0,-3.552713678800501e-15,0.0,0.0,0.0,0.0,4.263256414560601e-14,-0.4729787276855105,-0.6556617511582035
-0.4827555827742114,-0.8490687038142211,0.715221547678319,0.7888362227696353,-0.15198899068881389,0.45204143170271577,-0.8341921302469126,0.8341921302469105,1.123940813263558,-0.4328073639549358,-0.3254392055831879,-1.3505259219210606,-1.1216115626545344,1.1942273390983988,-0.8964557348205359,1.5396619888576553,-1.0567043334986914,0.0,-1.0165300454651272,0.0,0.0,-3.552713678800501e-15,0.0,0.0,0.0,0.0,4.263256414560601e-14,-0.5103296272761846,-0.6761129832468274
-0.4902278209242309,-0.9146221568886335,0.6564164063888067,0.7634800978409492,-0.2816699100191745,0.5783202549798454,-0.8045045672578401,0.8045045672578376,0.9772036551486917,-0.15540047046767239,0.03421329047764699,-1.3505259219210606,-1.0932163332202425,1.1586943062708344,-0.9054936821134167,1.5396619888576553,-1.0567043334986914,0.0,-1.0165300454651272,0.0,0.0,-3.552713678800501e-15,0.0,0.0,0.0,0.0,4.263256414560601e-14,-0.4804489076036453,-0.6727044445653901
-0.5126445353742894,-1.1467008793167253,0.6760181201519775,0.7229703037406644,0.0035933354365082905,0.39792193601252207,-0.690702242466396,0.6907022424663936,0.9323673012801831,-0.13001683315511217,0.06432535631956354,-1.3505259219210606,-1.0648211037859505,1.1230697898105806,-0.9135480290932525,1.5396619888576553,-1.0567043334986914,0.0,-1.0165300454651272,0.0,0.0,-3.552713678800501e-15,0.0,0.0,0.0,0.0,4.263256414560601e-14,-0.48791908752178015,-0.6795215219282648
-0.3930887249739772,-0.3014871613682416,0.9112386853100273,0.8685648554493639,0.25444788593857326,-0.04018826719383218,-0.626379189323405,0.6263791893234025,1.0077738964226268,-0.8353193270541025,-1.023098228942841,-1.3505259219210606,-1.0364258743516586,1.0873643315852002,-0.9206163923491901,1.5396619888576553,-1.0567043334986914,0.0,-1.0165300454651272,0.0,0.0,-3.552713678800501e-15,0.0,0.0,0.0,0.0,4.263256414560601e-14,-0.5103296272761846,-0.6795215219282648
-0.5051722972242699,-1.062392656898271,1.1660609642312485,1.156214560796084,-0.07091993239880853,-0.23089506153071845,-0.3542431952569062,0.35424319525690395,0.44528145698217614,-1.0220703729965086,-1.5554046976246283,-1.3505259219210606,-1.0080306449173664,1.0515884974142284,-0.9266966802388222,1.5396619888576553,-1.0567043334986914,0.0,-1.0165300454651272,0.0,0.0,-3.552713678800501e-15,0.0,0.0,0.0,0.0,4.263256414560601e-14,-0.39080674858602765,-0.6386190577510168
-0.5126445353742894,-1.1467008793167253,0.578009551336123,0.7928869320885011,-0.9583024210013612,0.671096533305894,-1.2250783762697015,1.2250783762696993,0.826390464863971,-0.7301585439020679,-0.8077300550345775,-1.3505259219210606,-0.9796354154830744,1.0157528739425747,-0.9317870935071408,1.5396619888576553,-1.0567043334986914,0.0,-1.0165300454651272,0.0,0.0,-3.552713678800501e-15,0.0,0.0,0.0,0.0,4.263256414560601e-14,-0.5028594473580498,-0.6454361351138915
-0.049365770073079705,0.5995056912259338,-0.735305270796323,-0.25577656320983544,-1.308932344467821,-0.11750183246554188,-0.20580538031154355,0.20580538031154133,1.1565490706223924,-0.3058891773921353,-0.1531986905589209,-1.3505259219210606,-0.9512401860487825,0.9798680655077648,-0.9358861258189621,1.5396619888576553,-1.0567043334986914,0.0,-1.0165300454651272,0.0,0.0,-3.552713678800501e-15,0.0,0.0,0.0,0.0,4.263256414560601e-14,-0.5103296272761846,-0.6454361351138915
0.10755123107733007,0.8258958614613018,-1.107737832296569,-0.6387329676732941,-0.7833314794026891,0.5731660172950629,-0.5521602818507236,0.5521602818507212,0.6613111619847325,0.11838018911779694,0.3405409992635495,-1.3505259219210606,-0.9228449566144904,0.9439446910019449,-0.9389925642046786,1.5396619888576553,-1.0567043334986914,0.0,-1.0165300454651272,0.0,0.0,-3.552713678800501e-15,0.0,0.0,0.0,0.0,4.263256414560601e-14,-0.04717847235182676,-0.4886433557677745
-0.4827555827742114,-0.8490687038142211,-0.0884487166116851,0.14966722092873605,-0.3817100412292943,1.1890974206263525,-0.6560667523124775,0.6560667523124749,0.5757144864176252,2.275989360685402,2.047652187190064,-1.3505259219210606,-0.8944497271801984,0.9079933807295824,-0.9411054894191935,1.5396619888576553,-1.0567043334986914,0.0,-1.0165300454651272,0.0,0.0,-3.552713678800501e-15,0.0,0.0,0.0,0.0,4.263256414560601e-14,0.10969530592900414,-0.2091431838899137
-0.3631997723738992,-0.17490490353707008,0.24478041736221925,0.4732145154524407,-0.6152136736174891,1.3282618381154265,-0.8935672562250577,0.8935672562250554,0.4289773283028145,1.6976050533492122,1.6638987038403512,-0.4501753073070202,-0.8660544977459064,0.8720247732617871,-0.9422242762139429,0.24147882767948214,-0.7088572038333182,0.0,0.9837387536759294,0.0,0.0,-3.552713678800501e-15,0.0,0.0,0.0,0.0,4.263256414560601e-14,-0.4804489076036453,-0.19550902916416435
-0.4977000590742504,-0.9854252800741131,0.930840399073198,0.937997041553637,0.02002692733643976,0.8772660406971191,-0.903463110554748,0.9034631105547456,-0.15593328807191825,-0.08650202633358063,0.11505176530663207,-0.4501753073070202,-0.8376592683116144,0.8360495122881898,-0.9423485935219145,0.24147882767948214,-0.7088572038333182,0.0,0.9837387536759294,0.0,0.0,-3.552713678800501e-15,0.0,0.0,0.0,0.0,4.263256414560601e-14,-0.3609260289134885,-0.338667653784532
-0.4977000590742504,-0.9854252800741131,0.9504421128363695,0.8359011352737058,0.5154260580265813,0.9210770610177565,-0.9380986007086666,0.9380986007086642,0.2761261219331389,0.20722291971175724,0.4324197848069992,-0.4501753073070202,-0.8092640388773223,0.800078243467298,-0.9414784045556165,0.24147882767948214,-0.7088572038333182,0.0,0.9837387536759294,0.0,0.0,-3.552713678800501e-15,0.0,0.0,0.0,0.0,4.263256414560601e-14,-0.4953892674399149,-0.6147592869809555
-0.4827555827742114,-0.8490687038142211,0.4407975549939276,0.5853950368525878,-0.3063985104758344,1.0009677451318542,-0.9331506735438205,0.9331506735438181,0.6857673550038028,0.4247969538194149,0.6451130610179577,-0.4501753073070202,-0.7808688094430304,0.7641216112762779,-0.9396139668179638,0.24147882767948214,-0.7088572038333182,0.0,0.9837387536759294,0.0,0.0,-3.552713678800501e-15,0.0,0.0,0.0,0.0,4.263256414560601e-14,-0.4953892674399149,-0.6215763643438301
-0.3631997723738992,-0.17490490353707008,-0.598093274454127,-0.14575306505224703,-1.2764053456117999,1.279296580110011,-1.0420050711704203,1.042005071170418,0.7998962557598346,1.1355387985710967,1.2508244115305889,-0.4501753073070202,-0.7524735800087383,0.7281902558610804,-0.9367558320260797,0.24147882767948214,-0.7088572038333182,0.0,0.9837387536759294,0.0,0.0,-3.552713678800501e-15,0.0,0.0,0.0,0.0,4.263256414560601e-14,-0.4804489076036453,-0.6761129832468273
-0.1763938186234114,0.361262715159164,-0.5392881331646147,-0.08290692073038045,-1.513305222014574,1.5009288005555794,-1.2597138664236185,1.2597138664236158,0.5064219395300463,1.5199195921612916,1.5381944292901444,-0.4501753073070202,-0.7240783505744464,0.6922948098878537,-0.9329048459480311,0.24147882767948214,-0.7088572038333182,0.0,0.9837387536759294,0.0,0.0,-3.552713678800501e-15,0.0,0.0,0.0,0.0,4.263256414560601e-14,-0.3609260289134885,-0.6147592869809555
-0.07178248452313829,0.5618588685483346,-0.6568984157436393,-0.20958582345900392,-1.117289692081033,1.750909328267442,-1.348776555390836,1.3487765553908335,0.01118403089233082,2.6603701542755975,2.284732743774857,-0.4501753073070202,-0.6956831211401543,0.6564458953965645,-0.9280621481525558,0.24147882767948214,-0.7088572038333182,0.0,0.9837387536759294,0.0,0.0,-3.552713678800501e-15,0.0,0.0,0.0,0.0,4.263256414560601e-14,-0.17417153096011842,-0.4681921236791505
1.0639977142798276,1.5915443539711613,-0.2452624267170519,-0.06963366938182965,-0.03773223301110451,1.4313465918110402,-0.8737755475656754,0.8737755475656732,0.30058231495220916,2.225222086060282,2.0153531053625846,-0.4501753073070202,-0.6672878917058623,0.6206541206577626,-0.9222291716718426,0.24147882767948214,-0.7088572038333182,0.0,0.9837387536759294,0.0,0.0,-3.552713678800501e-15,0.0,0.0,0.0,0.0,4.263256414560601e-14,-0.06958901210623122,-0.28072249620009754
2.483722962783535,2.1403565982747037,-0.6961018432699815,-0.3697545701981401,-0.40255367690614513,0.7329473855232649,-0.24538879763030805,0.2453887976303056,-0.21095972236492364,0.5499020234313181,0.7606004489394131,-0.4501753073070202,-0.6388926622715703,0.5849300770334289,-0.915407642577476,0.24147882767948214,-0.7088572038333182,0.0,0.9837387536759294,0.0,0.0,-3.552713678800501e-15,0.0,0.0,0.0,0.0,4.263256414560601e-14,1.065878335450259,0.3703083919544318
0.503579853028364,1.2248418018067506,-1.2253481148755938,-0.8073960564284298,-0.5075619654108744,-0.31593998332959866,0.4077375881292876,-0.40773758812928984,-0.9181513038352856,-0.42918113005314146,-0.3203039585682426,-0.4501753073070202,-0.6104974328372783,0.549284335842816,-0.9075995794696622,0.24147882767948214,-0.7088572038333182,0.0,0.9837387536759294,0.0,0.0,-3.552713678800501e-15,0.0,0.0,0.0,0.0,4.263256414560601e-14,2.4852125198958714,1.58374816254612
3.0889742529351154,2.299477344277662,-0.8529155533753476,-0.4083006994208155,-0.8623929006891826,0.2072151416756358,0.24445599168938872,-0.24445599168939097,-1.496947871955098,0.04948174498370542,0.2669740606635442,-0.4501753073070202,-0.5821022034029862,0.5137274452342268,-0.8988072928798951,0.24147882767948214,-0.7088572038333182,0.0,0.9837387536759294,0.0,0.0,-3.552713678800501e-15,0.0,0.0,0.0,0.0,4.263256414560601e-14,0.5056148415901486,1.8462056410167937
0.630607901578696,1.3222711570304972,-1.068534404770227,-1.0150354596793179,0.38421167698698233,0.4030761736973024,0.5809150388988785,-0.5809150388988809,-1.9228932337052902,1.5144802413086003,1.5342803572091304,-0.4501753073070202,-0.5537069739686943,0.47826992706364685,-0.8890333845872305,0.24147882767948214,-0.7088572038333182,0.0,0.9837387536759294,0.0,0.0,-3.552713678800501e-15,0.0,0.0,0.0,0.0,4.263256414560601e-14,3.0902970932647906,2.7699196236863095
0.04030108772715445,0.7358622674858258,0.16637356230953618,-0.02798117462175737,0.9287920162915262,0.21494649820280853,0.5809150388988785,-0.5809150388988809,-2.2285956464446413,0.6260529353689983,0.8287723576329594,-0.4501753073070202,-0.5253117445344022,0.4429222737811612,-0.8782807468483795,0.24147882767948214,-0.7088572038333182,0.0,0.9837387536759294,0.0,0.0,-3.552713678800501e-15,0.0,0.0,0.0,0.0,4.263256414560601e-14,0.6326079001984404,1.9246020306898526
0.8697195223793203,1.4808291909484563,-0.5784915606909562,-0.5069249728950989,0.3490505608835868,-0.9396027431880588,1.397323021098375,-1.397323021098377,-1.564202402757833,-0.5651649013704275,-0.5233359445506606,-0.4501753073070202,-0.4969165151001102,0.40769494532606443,-0.8665525615418427,0.24147882767948214,-0.7088572038333182,0.0,0.9837387536759294,0.0,0.0,-3.552713678800501e-15,0.0,0.0,0.0,0.0,4.263256414560601e-14,0.04246368666579089,1.7132726324407384
-0.026949055623021186,0.6356154729999728,0.02916156596733952,0.1863957370694098,-0.09526073684886409,-0.4344874500795512,0.9816971392513594,-0.9816971392513617,-1.4928718397852991,-0.31858099604841567,-0.1697788536940878,-0.4501753073070202,-0.4685212856658182,0.3725983660315995,-0.8538522992263397,0.24147882767948214,-0.7088572038333182,0.0,0.9837387536759294,0.0,0.0,-3.552713678800501e-15,0.0,0.0,0.0,0.0,4.263256414560601e-14,0.871653657578754,0.7009366440538524
-0.09419919897319681,0.522538314401776,0.40159412746758605,0.06404148863256971,1.2441026098877175,-0.05307386140578526,0.768936271163004,-0.7689362711630061,-1.6946354321932822,0.7964859287533302,0.9761212301778799,-0.4501753073070202,-0.4401260562315262,0.3376429215402285,-0.8401837181138179,0.24147882767948214,-0.7088572038333182,0.0,0.9837387536759294,0.0,0.0,-3.552713678800501e-15,0.0,0.0,0.0,0.0,4.263256414560601e-14,-0.024767932597422364,0.40098524008736786
-0.4678111064741724,-0.7309512648129848,-0.2452624267170519,-0.3073266657240396,0.6436054340186608,-0.05307386140578526,0.8035717613169225,-0.8035717613169248,-0.3128605266113926,0.6568759235342497,0.8559394867053743,-0.4501753073070202,-0.41173082679723416,0.30283895573035624,-0.8255508629573344,0.24147882767948214,-0.7088572038333182,0.0,0.9837387536759294,0.0,0.0,-3.552713678800501e-15,0.0,0.0,0.0,0.0,4.263256414560601e-14,-0.09199955186063562,0.33963154382149585
-0.2959496290237236,0.0571738188910216,0.04876327973051092,0.10128144556772413,0.2751433308881345,0.5551261853983295,0.34341453498629826,-0.34341453498630065,-0.07848867684457518,1.866224929782647,1.7795588206848492,-0.4501753073070202,-0.38333559736294215,0.26819676765540795,-0.8099580638541501,0.24147882767948214,-0.7088572038333182,0.0,0.9837387536759294,0.0,0.0,-3.552713678800501e-15,0.0,0.0,0.0,0.0,4.263256414560601e-14,-0.46550854776737577,-0.27049688015578555
-0.37067201052391874,-0.20489309120885948,-0.4608812781119316,-0.21821556000536696,-0.1911581140620947,-0.32882557754154956,0.6798735821957864,-0.6798735821957886,-0.5085100707645662,-0.4074237266423757,-0.28977591458346114,-0.4501753073070202,-0.35494036792865014,0.23372660849617508,-0.7934099349643844,0.24147882767948214,-0.7088572038333182,0.0,0.9837387536759294,0.0,0.0,-3.552713678800501e-15,0.0,0.0,0.0,0.0,4.263256414560601e-14,-0.29369440965027527,-0.3932042726875292
1.9681385304321881,1.977788717111332,-0.22566071295388113,0.04117857875995706,-0.4243604289132152,-0.47314423271540607,0.6204984562176413,-0.6204984562176435,-0.2700621888278945,-0.42736801310224437,-0.31774147032378586,-0.4501753073070202,-0.3265451384943581,0.1994386785273234,-0.7759113731456092,0.24147882767948214,-0.7088572038333182,0.0,0.9837387536759294,0.0,0.0,-3.552713678800501e-15,0.0,0.0,0.0,0.0,4.263256414560601e-14,-0.36839620883162333,-0.5193202039007102
-0.2884773908737041,0.07956911172405834,1.4404849569156406,1.408034338831887,-0.1870703983632218,-0.7720900184326863,0.6798735821957864,-0.6798735821957886,0.36376081358497875,-0.8715816660720453,-1.10678576292745,-0.4501753073070202,-0.2981499090600661,0.1653431240989705,-0.7574675565037908,0.24147882767948214,-0.7088572038333182,0.0,0.9837387536759294,0.0,0.0,-3.552713678800501e-15,0.0,0.0,0.0,0.0,4.263256414560601e-14,1.9697701055445698,0.5918634062478578
0.6380801397287152,1.3276813684980069,1.891324373468569,1.8251692455364406,-0.47790473196536487,-0.9292942678184938,1.0311764108998092,-1.0311764108998114,-1.0119000437421015,-0.5651649013704275,-0.5233359445506606,-0.4501753073070202,-0.2697546796257741,0.13145003463421553,-0.7380839428610064,0.24147882767948214,-0.7088572038333182,0.0,0.9837387536759294,0.0,0.0,-3.552713678800501e-15,0.0,0.0,0.0,0.0,4.263256414560601e-14,-0.28622422973214046,0.5952719449292952
-0.4827555827742114,-0.8490687038142211,0.5388061238097814,0.6266911006071836,-0.09595945952459,-0.7076620473729297,1.0856036097131132,-1.0856036097131154,-1.9982998288476228,0.27612136384584873,0.5015563078037805,-0.4501753073070202,-0.2413594501914821,0.09776943964352042,-0.7177662681403858,0.24147882767948214,-0.7088572038333182,0.0,0.9837387536759294,0.0,0.0,-3.552713678800501e-15,0.0,0.0,0.0,0.0,4.263256414560601e-14,0.6400780801165751,1.055424666923334
0.72027475937893,1.385107044780257,-1.2253481148755938,-0.8647538365483332,-0.32091426909016463,-1.052995972253229,1.5358649817140422,-1.5358649817140444,-1.421541276812821,0.18909175020278568,0.4139270247575393,-0.4501753073070202,-0.2129642207571901,0.06431130575681043,-0.6965205446687582,0.24147882767948214,-0.7088572038333182,0.0,0.9837387536759294,0.0,0.0,-3.552713678800501e-15,0.0,0.0,0.0,0.0,4.263256414560601e-14,-0.4804489076036453,-0.06257602058810847
-0.46033886832415283,-0.677324736034757,-0.34327099553290635,-0.11816144997061498,-0.1783029350233805,-0.8287866329652724,1.0856036097131132,-1.0856036097131154,-0.822364547843626,-0.634063345504519,-0.6359637992886911,-0.4501753073070202,-0.18456899132289808,0.031085533774192563,-0.6743530593975097,0.24147882767948214,-0.7088572038333182,0.0,0.9837387536759294,0.0,0.0,-3.552713678800501e-15,0.0,0.0,0.0,0.0,4.263256414560601e-14,0.722250059216058,0.3975767014059307
-0.4229776775740553,-0.4492576613778789,1.126857536704907,1.0191279607264287,0.4063371789717667,-0.5349950849327769,0.7590404168333137,-0.7590404168333159,-0.6165249232658444,-0.7772995846253937,-0.8999980923057166,-0.4501753073070202,-0.15617376188860607,-0.0018980442638534699,-0.6512703720421722,0.24147882767948214,-0.7088572038333182,0.0,0.9837387536759294,0.0,0.0,-3.552713678800501e-15,0.0,0.0,0.0,0.0,4.263256414560601e-14,-0.4580383678492409,-0.10347848476535633
-0.4229776775740553,-0.4492576613778789,1.342476388099786,1.122119303328646,0.7355347950443576,-0.5169552530360435,0.4225813696238239,-0.4225813696238263,-0.4269894273673688,-0.7664208829200109,-0.8781519047301499,-0.4501753073070202,-0.12777853245431406,-0.03462966798593022,-0.6272793131412993,0.24147882767948214,-0.7088572038333182,0.0,0.9837387536759294,0.0,0.0,-3.552713678800501e-15,0.0,0.0,0.0,0.0,4.263256414560601e-14,-0.4206874682585669,-0.07621017531385782
-0.47528334462419186,-0.788039899057462,1.9697312285212532,1.7019395025499786,0.6097306693311604,-0.28501455722091434,-0.11179476417948166,0.11179476417947944,-0.5350042798687026,-0.9187227067953713,-1.225817018868985,-0.4501753073070202,-0.09938330302002205,-0.06709965157797744,-0.602386982035199,0.24147882767948214,-0.7088572038333182,0.0,0.9837387536759294,0.0,0.0,-3.552713678800501e-15,0.0,0.0,0.0,0.0,4.263256414560601e-14,-0.4206874682585669,-0.5977165935737686
-0.5051722972242699,-1.062392656898271,1.9109260872317404,1.669981185448507,0.5266480320912644,-0.25666624995462245,-0.15137818149824447,0.15137818149824214,-0.1538952719869077,-0.8933390694828112,-1.160096928848517,-0.4501753073070202,-0.07098807358573003,-0.09929838664945746,-0.5766007447651251,0.24147882767948214,-0.7088572038333182,0.0,0.9837387536759294,0.0,0.0,-3.552713678800501e-15,0.0,0.0,0.0,0.0,4.263256414560601e-14,-0.4729787276855105,-0.6045336709366432
-0.4827555827742114,-0.8490687038142211,0.7740266889678313,0.8393446101392567,-0.1545182001897443,-0.9602196939271803,0.7293528538442412,-0.7293528538442434,0.21090960721530316,-0.8607029643666625,-1.0810466946236232,-0.4501753073070202,-0.04259284415143802,-0.13121634507663568,-0.5499282318935457,0.24147882767948214,-0.7088572038333182,0.0,0.9837387536759294,0.0,0.0,-3.552713678800501e-15,0.0,0.0,0.0,0.0,4.263256414560601e-14,-0.5028594473580498,-0.6420275964324539
-0.40056096312399675,-0.33618050277968226,0.40159412746758605,0.5265405531181437,-0.17830998844953866,-1.12000106215538,0.6353422377121776,-0.63534223771218,0.5431062290587908,-0.9912473848312571,-1.4427807658073746,-0.4501753073070202,-0.014197614717146007,-0.16284408182210292,-0.5223773362461396,0.24147882767948214,-0.7088572038333182,0.0,0.9837387536759294,0.0,0.0,-3.552713678800501e-15,0.0,0.0,0.0,0.0,4.263256414560601e-14,-0.4804489076036453,-0.6692959058839525
-0.4977000590742504,-0.9854252800741131,2.165748366152961,2.059138416866437,-0.5374923755762998,-0.31851710217198664,0.06633061375495353,-0.0663306137549559,0.6225888563710332,-0.47994840467826155,-0.39349414928253096,0.4501753073070202,0.014197614717146007,-0.19417223772971567,-0.4939562105761787,-0.7088572038333175,0.241478827679481,0.0,0.9837387536759294,0.0,0.0,-3.552713678800501e-15,0.0,0.0,0.0,0.0,4.263256414560601e-14,-0.3982769285041625,-0.6352105190695793
-0.5126445353742894,-1.1467008793167253,2.38136721754784,2.167179103211662,0.0015263351890585101,-0.17419844699813017,-0.08210720119040912,0.08210720119040675,0.09474269037442756,-0.24424320106163244,-0.07446856583931033,0.4501753073070202,0.04259284415143802,-0.22519154229411756,-0.4646732651520024,-0.7088572038333175,0.241478827679481,0.0,0.9837387536759294,0.0,0.0,-3.552713678800501e-15,0.0,0.0,0.0,0.0,4.263256414560601e-14,-0.4953892674399149,-0.6318019803881418
-0.47528334462419186,-0.788039899057462,1.4600866706788107,1.403977964457292,-0.06585193477686309,-0.5401493226175572,0.2840394090081532,-0.2840394090081555,0.49826987519028215,-0.4708828199237759,-0.3802136027411265,0.4501753073070202,0.07098807358573003,-0.25589281640403644,-0.43453716526827857,-0.7088572038333175,0.241478827679481,0.0,0.9837387536759294,0.0,0.0,-3.552713678800501e-15,0.0,0.0,0.0,0.0,4.263256414560601e-14,-0.5103296272761846,-0.6454361351138912
-0.4827555827742114,-0.8490687038142211,1.0876541091785654,1.0614386610549418,0.07143525649023363,-0.34686540943828303,0.3731020979753708,-0.3731020979753731,0.9710896068938825,-0.3403383994591813,-0.19851472333286757,0.4501753073070202,0.09938330302002205,-0.28626697505852694,-0.40355682868180603,-0.7088572038333175,0.241478827679481,0.0,0.9837387536759294,0.0,0.0,-3.552713678800501e-15,0.0,0.0,0.0,0.0,4.263256414560601e-14,-0.4729787276855105,-0.6795215219282644
-0.4902278209242309,-0.9146221568886335,2.224553507442474,2.0436698067766836,-0.049052040673689734,-0.14327302088944585,0.15044537555732682,-0.1504453755573291,0.6755772745791948,-0.23880385020894102,-0.06765855860484442,0.4501753073070202,0.12777853245431406,-0.3163050300553708,-0.3717414229726048,-0.7088572038333175,0.241478827679481,0.0,0.9837387536759294,0.0,0.0,-3.552713678800501e-15,0.0,0.0,0.0,0.0,4.263256414560601e-14,-0.4804489076036453,-0.6727044445653898
-0.46781110647417234,-0.7309512648129846,0.8720352577836857,0.9236381865910368,-0.16017078651343133,-0.22831794268832828,0.264247700348771,-0.2642477003487734,-0.09479280552404802,-0.3620958028699471,-0.22766019227442139,0.4501753073070202,0.15617376188860607,-0.34599809265082715,-0.3391003628310876,-0.7088572038333175,0.241478827679481,0.0,0.9837387536759294,0.0,0.0,-3.552713678800501e-15,0.0,0.0,0.0,0.0,4.263256414560601e-14,-0.48791908752178015,-0.6624788285210779
-0.5126445353742894,-1.1467008793167253,1.4404849569156406,1.2816280984852755,0.44807179067138236,0.05258801113221639,0.07127854091979952,-0.07127854091980183,-0.19057956151565209,-0.15540047046767239,0.03421329047764699,0.4501753073070202,0.18456899132289808,-0.37533737618996005,-0.305643307272092,-0.7088572038333175,0.241478827679481,0.0,0.9837387536759294,0.0,0.0,-3.552713678800501e-15,0.0,0.0,0.0,0.0,4.263256414560601e-14,-0.4655085477673757,-0.6590702898396406
-0.46781110647417234,-0.7309512648129846,0.5192044100466107,0.581034172807715,0.033189119304373925,0.41853888675164347,-0.24538879763030805,0.2453887976303056,0.414711215708241,-0.4309942470040386,-0.32286986574754034,0.4501753073070202,0.2129642207571901,-0.4043141987067456,-0.2713801567766312,-0.7088572038333175,0.241478827679481,0.0,0.9837387536759294,0.0,0.0,-3.552713678800501e-15,0.0,0.0,0.0,0.0,4.263256414560601e-14,-0.5103296272761846,-0.6727044445653898
-0.32583858162380164,-0.03854832727717802,-0.010041861559002017,0.16966856505600122,-0.16719460237193753,0.519046521604867,-0.11674269134432595,0.11674269134432352,0.9242152369405857,-0.06474462292281487,0.1400101566305533,0.4501753073070202,0.2413594501914821,-0.4329199854932086,-0.23632105036217918,-0.7088572038333175,0.241478827679481,0.0,0.9837387536759294,0.0,0.0,-3.552713678800501e-15,0.0,0.0,0.0,0.0,4.263256414560601e-14,-0.4655085477673757,-0.6624788285210779
-0.3930887249739772,-0.3014871613682416,0.16637356230953618,0.3419018258367981,-0.2580313080672434,0.44431007517554744,-0.24044087046546206,0.24044087046545967,1.2829060678880428,-0.13364306705690662,0.06004773282858262,0.4501753073070202,0.2697546796257741,-0.4611462716368164,-0.20047636258236928,-0.7088572038333175,0.241478827679481,0.0,0.9837387536759294,0.0,0.0,-3.552713678800501e-15,0.0,0.0,0.0,0.0,4.263256414560601e-14,-0.32357512932281446,-0.5977165935737686
-0.43792215387409433,-0.5335658837963335,0.22517870359904785,0.3256819221932119,0.03213048585767557,0.20206090399085544,-0.15137818149824447,0.15137818149824214,1.1606251027923025,-0.09738072803896351,0.10247299669346004,0.4501753073070202,0.2981499090600661,-0.4889847045253819,-0.16385670045700146,-0.7088572038333175,0.241478827679481,0.0,0.9837387536759294,0.0,0.0,-3.552713678800501e-15,0.0,0.0,0.0,0.0,4.263256414560601e-14,-0.39080674858602765,-0.5431799746707715
-0.4827555827742114,-0.8490687038142211,-0.1080504303748565,0.14913409650663098,-0.4624669843790514,0.24844904315388303,-0.3245556322678337,0.3245556322678313,1.3114382930769675,-0.6395026963572105,-0.6451934644769872,0.4501753073070202,0.3265451384943581,-0.5164270463187367,-0.12647290033325148,-0.7088572038333175,0.241478827679481,0.0,0.9837387536759294,0.0,0.0,-3.552713678800501e-15,0.0,0.0,0.0,0.0,4.263256414560601e-14,-0.4356278280948365,-0.5295458199450221
-0.46781110647417234,-0.7309512648129846,0.46039926875709836,0.5459228810571936,-0.0351994891259403,-0.016994197612320586,-0.22559708897092579,0.22559708897092345,1.6110266575616206,-0.6612600997679763,-0.6826578212065765,0.4501753073070202,0.35494036792865014,-0.5434651763864381,-0.08833602467902509,-0.7088572038333175,0.241478827679481,0.0,0.9837387536759294,0.0,0.0,-3.552713678800501e-15,0.0,0.0,0.0,0.0,4.263256414560601e-14,-0.4804489076036453,-0.6011251322552059
-0.46781110647417234,-0.7309512648129846,0.3819924137044146,0.5352308494703484,-0.3051083777948819,0.008776990811581183,-0.2899201421139168,0.2899201421139145,0.7509838697215273,-0.6485682811116964,-0.660695839290229,0.4501753073070202,0.38333559736294215,-0.5700910937107984,-0.04945735880939089,-0.7088572038333175,0.241478827679481,0.0,0.9837387536759294,0.0,0.0,-3.552713678800501e-15,0.0,0.0,0.0,0.0,4.263256414560601e-14,-0.4655085477673757,-0.6352105190695793
-0.4902278209242309,-0.9146221568886335,0.636814692625636,0.6123324888047712,0.31886166209639033,-0.30563150796003796,-0.1414823271685542,0.14148232716855186,0.32300049188643565,-0.8298799762014111,-1.011035145238368,0.4501753073070202,0.41173082679723416,-0.5962969192545106,-0.009848407547077428,-0.7088572038333175,0.241478827679481,0.0,0.9837387536759294,0.0,0.0,-3.552713678800501e-15,0.0,0.0,0.0,0.0,4.263256414560601e-14,-0.4655085477673757,-0.6488446737953285
-0.4080332012740163,-0.37229028455372143,0.1859752760727063,0.2830078083285849,0.06471971484208255,-0.43964168776433377,0.0020075606119641723,-0.0020075606119664396,0.5431062290587908,-0.7990569880361595,-0.9447924977531423,0.4501753073070202,0.4401260562315262,-0.6220748982921865,0.030479108181991062,-0.7088572038333175,0.241478827679481,0.0,0.9837387536759294,0.0,0.0,-3.552713678800501e-15,0.0,0.0,0.0,0.0,4.263256414560601e-14,-0.48791908752178015,-0.6522532124767658
0.15238465997744713,0.8811992946610395,-0.8725172671385184,-0.5308147993349228,-0.3782282588065761,-0.3262484586991594,0.3038311176675338,-0.30383111766753607,0.9303292851952837,-0.48720087248185023,-0.4041876283672173,0.4501753073070202,0.4685212856658182,-0.6474174027050997,0.07151325481710154,-0.7088572038333175,0.241478827679481,0.0,0.9837387536759294,0.0,0.0,-3.552713678800501e-15,0.0,0.0,0.0,0.0,4.263256414560601e-14,-0.40574710842229733,-0.6249849030252672
0.05524556402719341,0.7566765646925706,-1.7349926727180358,-1.1352004515525762,-0.976055566128148,-1.1973146274270898,0.9470616490974392,-0.9470616490974415,0.7224516445326028,-0.8026832219379538,-0.9524093261201173,0.4501753073070202,0.4969165151001102,-0.6723169332384743,0.11324188969409114,-0.7088572038333175,0.241478827679481,0.0,0.9837387536759294,0.0,0.0,-3.552713678800501e-15,0.0,0.0,0.0,0.0,4.263256414560601e-14,0.15451638543781293,-0.34207619246596926
-0.47528334462419186,-0.788039899057462,-0.7549069845594938,-0.4321744862763428,-0.3597265287164132,-1.269473955014019,0.763988343998158,-0.7639883439981602,0.03156419174165797,-1.0510802442108629,-1.6816634608957828,0.4501753073070202,0.5253117445344022,-0.6967661217206284,0.15565266463854657,-0.7088572038333175,0.241478827679481,0.0,0.9837387536759294,0.0,0.0,-3.552713678800501e-15,0.0,0.0,0.0,0.0,4.263256414560601e-14,0.057404046502060435,-0.09325286872104448
-0.45286663017413337,-0.6267642998148498,-1.715390958954865,-1.1689912884150324,-0.7685449192398525,-1.5349171957802206,0.763988343998158,-0.7639883439981602,0.1151228512236991,-1.0710245306707316,-1.7883509902482322,0.4501753073070202,0.5537069739686943,-0.7207577332433414,0.19873302961984032,-0.7088572038333175,0.241478827679481,0.0,0.9837387536759294,0.0,0.0,-3.552713678800501e-15,0.0,0.0,0.0,0.0,4.263256414560601e-14,-0.4729787276855105,-0.1239297168539804
-0.45286663017413337,-0.6267642998148498,-0.5588898469277854,-0.5486504919698213,0.4918632149705169,-0.5736518675686317,0.31867489916207004,-0.3186748991620723,0.45343352132188475,-0.9676768644695942,-1.3663607477916844,0.4501753073070202,0.5821022034029862,-0.7442846683027758,0.24247023646487798,-0.7088572038333175,0.241478827679481,0.0,0.9837387536759294,0.0,0.0,-3.552713678800501e-15,0.0,0.0,0.0,0.0,4.263256414560601e-14,-0.45056818793110615,-0.4000213500504038
-0.4080332012740163,-0.37229028455372143,-1.7741961002443776,-1.33744980755009,-0.43357774888301365,-1.5323400769378326,1.2884686234717733,-1.2884686234717755,1.0831804915649592,-0.97674244922408,-1.3949381555454943,0.4501753073070202,0.6104974328372783,-0.7673399649003368,0.286851342630491,-0.7088572038333175,0.241478827679481,0.0,0.9837387536759294,0.0,0.0,-3.552713678800501e-15,0.0,0.0,0.0,0.0,4.263256414560601e-14,-0.45056818793110615,-0.6318019803881418
-0.4977000590742504,-0.9854252800741131,-0.9509241221912021,-0.5923668406280174,-0.40650203051089484,-0.5581891545142885,0.3087790448323798,-0.308779044832382,0.9772036551486917,-0.20616774509279237,-0.027237915111757684,0.4501753073070202,0.6388926622715703,-0.7899168006028345,0.3318632150333384,-0.7088572038333175,0.241478827679481,0.0,0.9837387536759294,0.0,0.0,-3.552713678800501e-15,0.0,0.0,0.0,0.0,4.263256414560601e-14,-0.40574710842229733,-0.6011251322552059
-0.4080332012740163,-0.37229028455372143,-0.28446585424339343,-0.035597656978928985,-0.30535605499024454,0.22525497357236923,-0.23549294330061607,0.23549294330061374,0.981279687318546,0.7094563151102671,0.9017418723491548,0.4501753073070202,0.6672878917058623,-0.8120084945613609,0.3774925339362094,-0.7088572038333175,0.241478827679481,0.0,0.9837387536759294,0.0,0.0,-3.552713678800501e-15,0.0,0.0,0.0,0.0,4.263256414560601e-14,-0.4953892674399149,-0.6215763643438299
-0.44539439202411385,-0.5789382299683701,-0.323669281769735,-0.09431203047959237,-0.20421893657321732,0.5680117796102804,-0.4433058842241238,0.44330588422412126,0.8732648348172678,0.6514365726815582,0.8511626176660307,0.4501753073070202,0.6956831211401543,-0.8336085094882516,0.4237257968895331,-0.7088572038333175,0.241478827679481,0.0,0.9837387536759294,0.0,0.0,-3.552713678800501e-15,0.0,0.0,0.0,0.0,4.263256414560601e-14,-0.40574710842229733,-0.6011251322552059
-0.4155054394240358,-0.4099371072313205,-0.2452624267170519,0.003507718265020493,-0.32822314632393906,0.33349396495276323,-0.22559708897092579,0.22559708897092345,0.23740381631943958,0.33051487237276317,0.5549314952086041,0.4501753073070202,0.7240783505744464,-0.8547104535915774,0.47054932272697747,-0.7088572038333175,0.241478827679481,0.0,0.9837387536759294,0.0,0.0,-3.552713678800501e-15,0.0,0.0,0.0,0.0,4.263256414560601e-14,-0.44309800801297133,-0.6181678256623926
-0.3631997723738992,-0.17490490353707008,0.20557698983587772,0.30132638697177644,0.060367425735563536,0.0010456342844106516,0.10591403107371802,-0.10591403107372045,-0.18650352934585337,-0.024856050003077793,0.18510111359056045,0.4501753073070202,0.7524735800087383,-0.8753080824665826,0.5179492556139342,-0.7088572038333175,0.241478827679481,0.0,0.9837387536759294,0.0,0.0,-3.552713678800501e-15,0.0,0.0,0.0,0.0,4.263256414560601e-14,-0.41321728834043214,-0.580673900166582
-0.2810051527236846,0.10141137745722299,-0.323669281769735,-0.02333693454167606,-0.5186360843831839,0.10413038798002212,-0.06726341969587286,0.06726341969587053,-0.33527870354556344,-0.4201155452986557,-0.30752543543756994,0.4501753073070202,0.7808688094430304,-0.8953953009434983,0.5659115691476678,-0.7088572038333175,0.241478827679481,0.0,0.9837387536759294,0.0,0.0,-3.552713678800501e-15,0.0,0.0,0.0,0.0,4.263256414560601e-14,-0.3609260289134885,-0.5602226680779581
-0.4080332012740163,-0.37229028455372143,0.06836499349368169,0.3369813721629824,-0.689971305069841,0.037125298077877525,-0.29486806927876114,0.29486806927875886,-0.8835050303914962,-0.6594469828170793,-0.6795015132067846,0.4501753073070202,0.8092640388773223,-0.914966164891205,0.6144220705079644,-0.7088572038333175,0.241478827679481,0.0,0.9837387536759294,0.0,0.0,-3.552713678800501e-15,0.0,0.0,0.0,0.0,4.263256414560601e-14,-0.27875404981400564,-0.48523481708633687
-0.3856164868239577,-0.26810331955558664,-0.22566071295388113,0.09778880654965316,-0.7353043518737623,0.17628971556695366,-0.3492952680920619,0.34929526809205963,-0.6287530197754073,-0.6503813980625933,-0.6638145707809766,0.4501753073070202,0.8376592683116144,-0.9340148829761954,0.6634664046570121,-0.7088572038333175,0.241478827679481,0.0,0.9837387536759294,0.0,0.0,-3.552713678800501e-15,0.0,0.0,0.0,0.0,4.263256414560601e-14,-0.40574710842229733,-0.48182627840489956
0.19721808887756415,0.933247648502477,-0.1668555716643688,0.17001767159719317,-0.8976333852569539,-0.14585013973183822,-0.04747171103649061,0.04747171103648839,-0.11517296637320835,-0.7609815320673194,-0.8673588622419831,0.4501753073070202,0.8660544977459064,-0.9525358183763226,0.713030058587287,-0.7088572038333175,0.241478827679481,0.0,0.9837387536759294,0.0,0.0,-3.552713678800501e-15,0.0,0.0,0.0,0.0,4.263256414560601e-14,-0.3833365686678929,-0.49205189444921155
-0.30342186717374314,0.03419676555202197,-0.8137121258490061,-0.5247282125813092,-0.2167554482270893,-1.1431951317368916,0.9025303046138303,-0.9025303046138325,0.04379228825116529,-1.061958945916246,-1.7370625094095822,1.3505259219210606,0.8944497271801984,-0.9705234904488309,0.7630983656161927,-1.0567043334986919,1.539661988857655,0.0,-1.0165300454651272,0.0,0.0,-3.552713678800501e-15,0.0,0.0,0.0,0.0,4.263256414560601e-14,0.19933746494662172,-0.27390541883722275
-0.46033886832415283,-0.6773247360347571,0.10756842102002323,-0.03451833667828768,0.8081571377556426,-0.725701879269661,0.6501860192067138,-0.6501860192067163,0.3861789905193165,-0.8824603677774283,-1.1331213405637923,1.3505259219210606,0.9228449566144904,-0.9879725763521582,0.8136565097261534,-1.0567043334986919,1.539661988857655,0.0,-1.0165300454651272,0.0,0.0,-3.552713678800501e-15,0.0,0.0,0.0,0.0,4.263256414560601e-14,-0.3011645895684101,-0.22618587729710019
-0.5126445353742894,-1.1467008793167253,0.3623906999412445,-0.33321432230216697,1.890796343166354,-0.27728320069374385,0.19992464720577993,-0.19992464720578235,0.27816413801803824,-0.35121710116456417,-0.21303516128150457,1.3505259219210606,0.9512401860487825,-1.0048779126210585,0.8646895299489298,-1.0567043334986919,1.539661988857655,0.0,-1.0165300454651272,0.0,0.0,-3.552713678800501e-15,0.0,0.0,0.0,0.0,4.263256414560601e-14,-0.4580383678492409,-0.2602712641114734
-0.4155054394240358,-0.4099371072313205,0.10756842102002323,0.08702991456371915,0.48366006130177075,0.18659819093651436,0.14054952122763487,-0.14054952122763723,0.0743625295251004,1.2969062072009425,1.3742466627136067,1.3505259219210606,0.9796354154830744,-1.0212344966945486,0.9161823247927924,-1.0567043334986919,1.539661988857655,0.0,-1.0165300454651272,0.0,0.0,-3.552713678800501e-15,0.0,0.0,0.0,0.0,4.263256414560601e-14,-0.5103296272761846,-0.5840824388480194
0.4438019478282081,1.1749938640687267,-0.049245289085343556,0.17676532773533582,-0.35073737701132207,0.12474733871914574,0.19002879287608965,-0.19002879287609206,0.1823773820263786,0.9197778814143361,1.0786425355838685,1.3505259219210606,1.0080306449173664,-1.0370374883962477,0.9681196567113055,-1.0567043334986919,1.539661988857655,0.0,-1.0165300454651272,0.0,0.0,-3.552713678800501e-15,0.0,0.0,0.0,0.0,4.263256414560601e-14,-0.41321728834043214,-0.6352105190695793
-0.37067201052391874,-0.20489309120885948,-1.6761875314285235,-1.2002847122829965,-0.5527843085941031,-0.9885680011934722,1.0757077553834178,-1.0757077553834202,0.09270467428952821,-0.3983581418878899,-0.2771957806170557,1.3505259219210606,1.0364258743516586,-1.0522822113666677,1.0204861566123682,-1.0567043334986919,1.539661988857655,0.0,-1.0165300454651272,0.0,0.0,-3.552713678800501e-15,0.0,0.0,0.0,0.0,4.263256414560601e-14,0.44585340224507025,-0.22277733861566276
0.14491242182742764,0.8722188437457181,-1.499772107559986,-1.0318698621179558,-0.5779698411459397,-0.5092238965088729,0.7540924896684678,-0.75409248966847,-0.4208753791125595,-0.11188566364614086,0.08559562982541018,1.3505259219210606,1.0648211037859505,-1.0669641544470168,1.0732663284061612,-1.0567043334986919,1.539661988857655,0.0,-1.0165300454651272,0.0,0.0,-3.552713678800501e-15,0.0,0.0,0.0,0.0,4.263256414560601e-14,-0.36839620883162333,-0.1580151036683536
0.5484132819284812,1.2604667565928054,-2.0290183791655982,-1.713421984226522,-0.22213051179291202,-0.8880603663402509,1.2835206963069257,-1.2835206963069279,-1.1484471214323044,-0.521650094548896,-0.4558550157789035,1.3505259219210606,1.0932163332202425,-1.081078973014127,1.126444553590699,-1.0567043334986919,1.539661988857655,0.0,-1.0165300454651272,0.0,0.0,-3.552713678800501e-15,0.0,0.0,0.0,0.0,4.263256414560601e-14,0.14704620551967815,0.09762529743944583
-0.10914367527323579,0.4953187262277991,0.28398384488856077,-0.01834960205146722,1.1680904286873273,-0.9885680011934722,1.1845621530100194,-1.1845621530100217,-0.5431563442083001,-0.6141190590446505,-0.602565796149334,1.3505259219210606,1.1216115626545344,-1.0946224902660993,1.180005095873592,-1.0567043334986919,1.539661988857655,0.0,-1.0165300454651272,0.0,0.0,-3.552713678800501e-15,0.0,0.0,0.0,0.0,4.263256414560601e-14,0.5504359210989574,0.1453448389795684
-0.5051722972242699,-1.062392656898271,1.3228746743366153,1.0183097879718892,1.0254470065807137,-0.6921993343185865,0.6650298007012502,-0.6650298007012524,0.6878053710887021,-0.30951541129392973,-0.1579224295741751,1.3505259219210606,1.1500067920888266,-1.1075906984582848,1.2339321058286772,-1.0567043334986919,1.539661988857655,0.0,-1.0165300454651272,0.0,0.0,-3.552713678800501e-15,0.0,0.0,0.0,0.0,4.263256414560601e-14,-0.10693991169690517,0.26464369282987493
-0.46033886832415283,-0.677324736034757,0.7544249752046611,0.5023728709915894,1.0049488467037766,-0.645811195155559,0.8975823774489827,-0.897582377448985,0.09270467428952821,-0.21523332984727825,-0.03839154715324257,1.3505259219210606,1.1784020215231186,-1.119979760089241,1.2882096255861046,-1.0567043334986919,1.539661988857655,0.0,-1.0165300454651272,0.0,0.0,-3.552713678800501e-15,0.0,0.0,0.0,0.0,4.263256414560601e-14,-0.5028594473580498,-0.031899172455172466
-0.32583858162380164,-0.03854832727717802,-1.4017635387441316,-1.124009237689594,-0.08474108290587648,-0.8906374851826389,1.3280520407905345,-1.3280520407905365,-0.7061976310027503,-0.23880385020894102,-0.06765855860484442,1.3505259219210606,1.2067972509574105,-1.1317860090363097,1.3428215935545338,-1.0567043334986919,1.539661988857655,0.0,-1.0165300454651272,0.0,0.0,-3.552713678800501e-15,0.0,0.0,0.0,0.0,4.263256414560601e-14,-0.4580383678492409,-0.49205189444921155
-0.13903262787331386,0.43823009198332163,-1.813399527770719,-1.2751451769856257,-0.7060122046669655,-1.0014535954054253,1.6199797435164187,-1.619979743516421,-1.431731357237429,-0.08287579243178618,0.11922980631107158,1.3505259219210606,1.2351924803917025,-1.1430059516404842,1.397751849174026,-1.0567043334986919,1.539661988857655,0.0,-1.0165300454651272,0.0,0.0,-3.552713678800501e-15,0.0,0.0,0.0,0.0,4.263256414560601e-14,-0.32357512932281446,-0.590899516210894
-0.11661591342325527,0.48138825222469744,-0.8921189809016898,-0.6285778559714401,-0.11442750907013169,-0.9937222388782526,1.5952401076921872,-1.5952401076921894,-1.4786057271907258,-0.534341913205176,-0.4752709035742792,1.3505259219210606,1.2635877098259947,-1.1536362677402363,1.4529841376981985,-1.0567043334986919,1.539661988857655,0.0,-1.0165300454651272,0.0,0.0,-3.552713678800501e-15,0.0,0.0,0.0,0.0,4.263256414560601e-14,-0.13682063136944442,-0.42388112082046503
-0.5126445353742894,-1.1467008793167253,0.7936284027310027,0.6344169855139327,0.7234054925572245,-0.5530349168295103,0.5264878400855778,-0.52648784008558,-0.8631248695422247,-0.9368538763043427,-1.2754879842224218,1.3505259219210606,1.2919829392602866,-1.1636738116540057,1.5085021150042712,-1.0567043334986919,1.539661988857655,0.0,-1.0165300454651272,0.0,0.0,-3.552713678800501e-15,0.0,0.0,0.0,0.0,4.263256414560601e-14,-0.11441009161503994,-0.267088341474348
-0.5126445353742894,-1.1467008793167253,0.24478041736221925,-0.33769631872374106,1.6870652124065542,-1.0736129229923546,0.6996652908551686,-0.699665290855171,-0.19057956151565209,-0.9839949170276686,-1.4185125563042424,1.3505259219210606,1.3203781686945786,-1.173115613111061,1.5642893524295673,-1.0567043334986919,1.539661988857655,0.0,-1.0165300454651272,0.0,0.0,-3.552713678800501e-15,0.0,0.0,0.0,0.0,4.263256414560601e-14,-0.5103296272761846,-0.3523018085102812
-0.5051722972242699,-1.062392656898271,0.852433544020515,0.48673970543669587,1.286090230771907,-0.8159010387533238,0.27414355467846124,-0.2741435546784637,0.10289475471413617,-0.9694899814204914,-1.3720012550772318,1.3505259219210606,1.3487733981288705,-1.1819588781304462,1.620329341632996,-1.0567043334986919,1.539661988857655,0.0,-1.0165300454651272,0.0,0.0,-3.552713678800501e-15,0.0,0.0,0.0,0.0,4.263256414560601e-14,-0.5103296272761846,-0.5227287425821475
-0.4827555827742114,-0.8490687038142211,0.7544249752046611,0.559864609736823,0.8418642045921659,-0.7566273053783431,0.1257057397330986,-0.125705739733101,0.4391674087274225,-0.9241620576480627,-1.2404599911160603,1.3505259219210606,1.3771686275631627,-1.1902009898477683,1.6766054994801616,-1.0567043334986919,1.539661988857655,0.0,-1.0165300454651272,0.0,0.0,-3.552713678800501e-15,0.0,0.0,0.0,0.0,4.263256414560601e-14,-0.5028594473580498,-0.6999727540168885
-0.47528334462419186,-0.788039899057462,-0.3040675680065648,-0.2451751634432769,0.3440413000528915,-0.5092238965088729,0.19497672004093564,-0.194976720040938,1.2992101965674046,-0.8316930931523082,-1.0150430107717394,1.3505259219210606,1.4055638569974547,-1.197839509289567,1.7331011729505574,-1.0567043334986919,1.539661988857655,0.0,-1.0165300454651272,0.0,0.0,-3.552713678800501e-15,0.0,0.0,0.0,0.0,4.263256414560601e-14,-0.4804489076036453,-0.6863385992911392
-0.35572753422387965,-0.14590011431835348,-0.2452624267170519,-0.07876542728722422,-0.005308961053115354,-0.1381187832046655,0.2939352633378435,-0.2939352633378458,1.8392844590736286,0.2579901943368774,0.4835324304254114,1.3505259219210606,1.4339590864317466,-1.2048721760950476,1.7897996440654758,-1.0567043334986919,1.539661988857655,0.0,-1.0165300454651272,0.0,0.0,-3.552713678800501e-15,0.0,0.0,0.0,0.0,4.263256414560601e-14,-0.4729787276855105,-0.6692959058839525
-0.4229776775740553,-0.44925766137787904,-0.2452624267170519,-0.028764424518253777,-0.19247581687302007,-0.2618204876394028,0.328570753491762,-0.3285707534917644,1.3073622609071687,0.029537458523836876,0.24527253715042852,1.3505259219210606,1.4623543158660386,-1.2112969091849575,1.8466841348351235,-1.0567043334986919,1.539661988857655,0.0,-1.0165300454651272,0.0,0.0,-3.552713678800501e-15,0.0,0.0,0.0,0.0,4.263256414560601e-14,-0.35345584899535365,-0.601125132255206
-0.4155054394240358,-0.4099371072313205,0.4800009825202691,0.541519644181929,0.05672229375067308,-0.30563150796003796,0.23456013735969844,-0.2345601373597007,0.7509838697215273,-0.13908241790959808,0.053616361694442546,1.3505259219210606,1.4907495453003308,-1.2171118073774108,1.9037378122234947,-1.0567043334986919,1.539661988857655,0.0,-1.0165300454651272,0.0,0.0,-3.552713678800501e-15,0.0,0.0,0.0,0.0,4.263256414560601e-14,-0.4206874682585669,-0.5738568228037074
-0.4155054394240358,-0.4099371072313205,0.1859752760727063,0.2634636540922191,0.13810642288494845,-0.5710747487262415,0.31867489916207004,-0.3186748991620723,0.2496319128290025,-0.6920830879332279,-0.737326738397536,1.3505259219210606,1.5191447747346227,-1.222315149950481,1.960943793129551,-1.0567043334986919,1.539661988857655,0.0,-1.0165300454651272,0.0,0.0,-3.552713678800501e-15,0.0,0.0,0.0,0.0,4.263256414560601e-14,-0.41321728834043214,-0.5465885133522088
-0.20628277122348948,0.29447123974489803,-0.3040675680065648,-0.06260254341401693,-0.26317032621131153,-0.4112933804980418,0.17518501138155337,-0.17518501138155557,0.6164748081162239,-0.33852528250828406,-0.19610466261471665,1.3505259219210606,1.5475400041689147,-1.226905397151386,2.0182851493831837,-1.0567043334986919,1.539661988857655,0.0,-1.0165300454651272,0.0,0.0,-3.552713678800501e-15,0.0,0.0,0.0,0.0,4.263256414560601e-14,-0.41321728834043214,-0.5738568228037074
-0.2735329145736651,0.12272727196543415,-0.8725172671385184,-0.40272484515718615,-1.004681566158112,-0.372636597862187,0.15044537555732682,-0.1504453755573291,0.7998962557598346,-0.4835746385800559,-0.3988331398781584,1.3505259219210606,1.5759352336032066,-1.230881190652129,2.075744912754541,-1.0567043334986919,1.539661988857655,0.0,-1.0165300454651272,0.0,0.0,-3.552713678800501e-15,0.0,0.0,0.0,0.0,4.263256414560601e-14,-0.20405225063265767,-0.475009201042025
-0.37814424867393825,-0.23593370829382937,-0.40207613682241866,-0.06390411216487486,-0.6562597868747392,-0.212855229633985,-0.012836220882572094,0.012836220882569773,0.6225888563710332,-0.5742304861249132,-0.5377304619529474,1.3505259219210606,1.6043304630374988,-1.2342413539514496,2.1333060799752075,-1.0567043334986919,1.539661988857655,0.0,-1.0165300454651272,0.0,0.0,-3.552713678800501e-15,0.0,0.0,0.0,0.0,4.263256414560601e-14,-0.27128386989587083,-0.4102469660947158
-0.2511162001236065,0.1837560767221932,-0.5392881331646147,-0.11196632699028415,-1.121501341902632,-0.26439760648179295,0.15044537555732682,-0.1504453755573291,-0.22726385104439648,-0.5978010064865762,-0.5757375644254533,1.3505259219210606,1.6327256924717908,-1.2369848927229667,2.1909516177697275,-1.0567043334986919,1.539661988857655,0.0,-1.0165300454651272,0.0,0.0,-3.552713678800501e-15,0.0,0.0,0.0,0.0,4.263256414560601e-14,-0.3758663887497581,-0.39320427268752917
-0.26606067642364556,0.1435415691721789,-0.7157035570331522,-0.28296881588695283,-0.927711663904047,-0.7927069691718078,0.5017482042613512,-0.5017482042613536,-0.8468207408628631,-0.8371324440049996,-1.027145843091695,1.3505259219210606,1.6611209219060827,-1.2391109951094195,2.2486644678960457,-1.0567043334986919,1.539661988857655,0.0,-1.0165300454651272,0.0,0.0,-3.552713678800501e-15,0.0,0.0,0.0,0.0,4.263256414560601e-14,-0.24887333014146645,-0.4136555047761531
-0.3930887249739772,-0.3014871613682416,-0.7549069845594938,-0.8729179869153021,0.7326147569692086,-1.6895443263236398,1.273624841977237,-1.2736248419772391,-0.8060604191641532,-0.9441063441079314,-1.296085288473194,1.3505259219210606,1.6895161513403747,-1.2406190319629056,2.306427552193296,-1.0567043334986919,1.539661988857655,0.0,-1.0165300454651272,0.0,0.0,-3.552713678800501e-15,0.0,0.0,0.0,0.0,4.263256414560601e-14,-0.2638136899777361,-0.4102469660947158
-0.5126445353742894,-1.1467008793167253,0.7936284027310027,-1.0184024479806921,3.3146635954870276,-0.38552219207413785,0.27909148184330723,-0.27909148184330956,0.3352285883960542,-0.742850362558348,-0.8319779829387346,1.3505259219210606,1.7179113807746667,-1.241508557031058,2.364223777635517,-1.0567043334986919,1.539661988857655,0.0,-1.0165300454651272,0.0,0.0,-3.552713678800501e-15,0.0,0.0,0.0,0.0,4.263256414560601e-14,-0.39080674858602765,-0.4170640434575904
0.47369090042828604,1.2002689211948856,1.5188918119683237,1.3856395749034882,0.2856719231723835,2.7224831318485934,-2.9420091024710624,2.9420091024710593,0.1783013498564687,1.1192207460130223,1.2380999207564574,-1.3505259219210606,-1.7179113807746667,1.9010370570623054,-0.4867159356729242,1.5396619888576553,-1.0567043334986914,0.0,-1.0165300454651272,0.0,0.0,-3.552713678800501e-15,0.0,0.0,0.0,0.0,4.263256414560601e-14,-0.5103296272761846,-0.5363628973078968
-0.20628277122348948,0.29447123974489803,0.636814692625636,0.803992438390877,-0.6391692042669794,2.6348610912073207,-3.164665824889106,3.1646658248891035,0.28224017018794817,0.01684563986755676,0.23136339710181925,-1.3505259219210606,-1.6895161513403747,1.869785248404022,-0.5153533147491769,1.5396619888576553,-1.0567043334986914,0.0,-1.0165300454651272,0.0,0.0,-3.552713678800501e-15,0.0,0.0,0.0,0.0,4.263256414560601e-14,0.4757341219176094,-0.19891756784560166
-0.37067201052391874,-0.20489309120885948,1.1660609642312485,1.3073523988316262,-2.0762689497992777,2.5420848128812725,-2.7292482343827094,2.7292482343827067,0.4656616178315589,0.905272945807159,1.0667460136925462,-1.3505259219210606,-1.6611209219060827,1.8382315328629197,-0.5431225423238416,1.5396619888576553,-1.0567043334986914,0.0,-1.0165300454651272,0.0,0.0,-3.552713678800501e-15,0.0,0.0,0.0,0.0,4.263256414560601e-14,-0.20405225063265767,-0.11370410080966846
-0.5126445353742894,-1.1467008793167253,1.1856626779944193,1.3158734955867233,-2.2576610866166162,3.1167823147343126,-3.8078963563190107,3.8078963563190085,0.22517571980987663,-0.5506599657632503,-0.5005519771471902,-1.3505259219210606,-1.6327256924717908,1.8063852476910764,-0.5700154010357158,1.5396619888576553,-1.0567043334986914,0.0,-1.0165300454651272,0.0,0.0,-3.552713678800501e-15,0.0,0.0,0.0,0.0,4.263256414560601e-14,-0.36839620883162333,-0.04894186586235931
-0.5126445353742894,-1.1467008793167253,0.578009551336123,0.8143613854618735,-2.332661259202941,3.7430221934351606,-3.7336774488463296,3.7336774488463274,0.0050699826375215536,1.1681749036872453,1.276135385800556,-1.3505259219210606,-1.6043304630374988,1.7742558167166316,-0.596023932855243,1.5396619888576553,-1.0567043334986914,0.0,-1.0165300454651272,0.0,0.0,-3.552713678800501e-15,0.0,0.0,0.0,0.0,4.263256414560601e-14,-0.5103296272761846,-0.4988689718120863
-0.45286663017413337,-0.6267642998148498,1.9697312285212532,0.8235496446134019,2.933218158142438,3.217289949587534,-3.0706552087570436,3.0706552087570413,0.10085673862912561,1.7302411584653608,1.6865501935243374,-1.3505259219210606,-1.5759352336032066,1.7418527475551244,-0.6211404414394195,1.5396619888576553,-1.0567043334986914,0.0,-1.0165300454651272,0.0,0.0,-3.552713678800501e-15,0.0,0.0,0.0,0.0,4.263256414560601e-14,-0.5103296272761846,-0.6386190577510167
1.377831716580647,1.7454513115939767,0.578009551336123,0.8230427880356548,-1.3675352905130345,2.688980586897519,-2.8232588505147724,2.8232588505147698,0.24759389674410315,0.8617581389856275,1.0307971121762287,-1.3505259219210606,-1.5475400041689147,1.7091856287960336,-0.6453574944092705,1.5396619888576553,-1.0567043334986914,0.0,-1.0165300454651272,0.0,0.0,-3.552713678800501e-15,0.0,0.0,0.0,0.0,4.263256414560601e-14,-0.45056818793110615,-0.6761129832468272
1.392776192880686,1.7521526074126508,0.30358555865173154,0.5426926588839478,-0.7577062825713807,1.851416963120661,-1.640704258116717,1.6407042581167148,0.3494947009905165,1.9750119468364757,1.8524453518240975,-1.3505259219210606,-1.5191447747346227,1.6762641271653653,-0.6686679255492061,1.5396619888576553,-1.0567043334986914,0.0,-1.0165300454651272,0.0,0.0,-3.552713678800501e-15,0.0,0.0,0.0,0.0,4.263256414560601e-14,1.3796258920119207,0.18624730315681617
0.503579853028364,1.2248418018067506,1.5972986670210068,0.5458366184674105,2.7122470421787868,2.284372928642237,-2.021694649809814,2.021694649809812,0.2047955589606051,3.3964956363398398,2.7071735288633914,-1.3505259219210606,-1.4907495453003308,1.6430979846651068,-0.691064836927624,1.5396619888576553,-1.0567043334986914,0.0,-1.0165300454651272,0.0,0.0,-3.552713678800501e-15,0.0,0.0,0.0,0.0,4.263256414560601e-14,1.3945662518481903,1.0554246669233345
-0.28847739087370405,0.07956911172405853,1.3228746743366153,1.3187333476954604,-0.2453995771442133,2.0601635893542807,-1.5912249864682622,1.5912249864682597,-0.2741382209976932,3.082826403834633,2.5317395799403983,-1.3505259219210606,-1.4623543158660386,1.6096970156904165,-0.7125416009381154,1.5396619888576553,-1.0567043334986914,0.0,-1.0165300454651272,0.0,0.0,-3.552713678800501e-15,0.0,0.0,0.0,0.0,4.263256414560601e-14,0.5056148415901486,1.4917176181473122
-0.3631997723738992,-0.17490490353707008,0.8132301164941729,0.7665787939015587,0.3212460074993555,2.008621212506475,-1.700079384094862,1.7000793840948596,-0.1314770950526812,2.3884026116410255,2.118320516625974,-1.3505259219210606,-1.4339590864317466,1.5760711041253823,-0.7330918622606827,1.5396619888576553,-1.0567043334986914,0.0,-1.0165300454651272,0.0,0.0,-3.552713678800501e-15,0.0,0.0,0.0,0.0,4.263256414560601e-14,-0.28622422973214046,0.7316134921867882
-0.01200457932298215,0.6588948906616683,1.0288489678890524,0.5089055206431041,1.6367772685945352,1.0112762205014172,-1.2102345947751654,1.2102345947751627,0.2761261219331389,0.3994133165068549,0.6211127101733753,-1.3505259219210606,-1.4055638569974547,1.5422302004182273,-0.7527095397423771,1.5396619888576553,-1.0567043334986914,0.0,-1.0165300454651272,0.0,0.0,-3.552713678800501e-15,0.0,0.0,0.0,0.0,4.263256414560601e-14,-0.3609260289134885,-0.0693930979509832
-0.4155054394240358,-0.4099371072313205,-0.3628727092960771,-0.705206558658899,1.1769964478249328,0.47008126359944924,-0.8242962759172224,0.8242962759172202,0.4636236017465483,-0.46181723516929013,-0.36702704804144565,-1.3505259219210606,-1.3771686275631627,1.5081843186368056,-0.7713888281968145,1.5396619888576553,-1.0567043334986914,0.0,-1.0165300454651272,0.0,0.0,-3.552713678800501e-15,0.0,0.0,0.0,0.0,4.263256414560601e-14,-0.009827572761152746,-0.3045822669701587
-0.5126445353742894,-1.1467008793167253,1.1856626779944193,0.8285656707277782,1.2144899046054385,1.683904238365293,-1.967267450996515,1.9672674509965125,0.7611739501461353,-0.07924955852999221,0.12340047211555084,-1.3505259219210606,-1.3487733981288705,1.4739435335052813,-0.7891242001220201,1.5396619888576553,-1.0567043334986914,0.0,-1.0165300454651272,0.0,0.0,-3.552713678800501e-15,0.0,0.0,0.0,0.0,4.263256414560601e-14,-0.41321728834043214,-0.36252742455459325
-0.5126445353742894,-1.1467008793167253,0.989645540362711,0.8442355684030131,0.6101580987926462,1.9545017168162768,-2.2196117364036314,2.2196117364036287,0.5716384542478266,-0.3421515164100784,-0.20092762778344714,-1.3505259219210606,-1.3203781686945786,1.439517977422855,-0.8059104073361079,1.5396619888576553,-1.0567043334986914,0.0,-1.0165300454651272,0.0,0.0,-3.552713678800501e-15,0.0,0.0,0.0,0.0,4.263256414560601e-14,-0.5103296272761846,-0.4306981981833398
-0.5126445353742894,-1.1467008793167253,1.0288489678890524,1.014919401763364,0.05326241819504782,1.9338847660771532,-2.095913557282495,2.095913557282493,0.28020215410293764,-0.19528904338740946,-0.013927209140101829,-1.3505259219210606,-1.2919829392602866,1.4049178374654283,-0.8217424825302968,1.5396619888576553,-1.0567043334986914,0.0,-1.0165300454651272,0.0,0.0,-3.552713678800501e-15,0.0,0.0,0.0,0.0,4.263256414560601e-14,-0.5103296272761846,-0.6590702898396407
-0.5126445353742894,-1.1467008793167253,1.1464592504680777,1.1123653794047337,0.0681517772952733,1.67101864415334,-1.91778817934806,1.9177881793480573,0.2720500897631734,-0.3802269723789185,-0.2522739399988855,-1.3505259219210606,-1.2635877098259947,1.3701533523710752,-0.8366157407388249,1.5396619888576553,-1.0567043334986914,0.0,-1.0165300454651272,0.0,0.0,-3.552713678800501e-15,0.0,0.0,0.0,0.0,4.263256414560601e-14,-0.5103296272761846,-0.703381292698326
-0.5126445353742894,-1.1467008793167253,0.852433544020515,0.8644041578261134,0.05015651949397818,1.8797652703869574,-2.1503407560957943,2.1503407560957917,0.01729807914708448,-0.2841317739813695,-0.1250774467083604,-1.3505259219210606,-1.2351924803917025,1.335234809510243,-0.8505257807252996,1.5396619888576553,-1.0567043334986914,0.0,-1.0165300454651272,0.0,0.0,-3.552713678800501e-15,0.0,0.0,0.0,0.0,4.263256414560601e-14,-0.5103296272761846,-0.703381292698326
-0.5126445353742894,-1.1467008793167253,0.9112386853100273,0.7801093572045263,0.5904192532848903,1.9545017168162768,-2.214663809238785,2.214663809238783,0.30669636320707405,-0.27325307227598666,-0.11115589654072557,-1.3505259219210606,-1.2067972509574105,1.3001725418415495,-0.8634684862850983,1.5396619888576553,-1.0567043334986914,0.0,-1.0165300454651272,0.0,0.0,-3.552713678800501e-15,0.0,0.0,0.0,0.0,4.263256414560601e-14,-0.5103296272761846,-0.703381292698326
-0.5126445353742894,-1.1467008793167253,1.1464592504680777,0.92791815935094,0.803090639134506,1.604013554251193,-1.8287254903808425,1.82872549038084,0.2047955589606051,-0.0030986465923120233,0.20934682268477395,-1.3505259219210606,-1.1784020215231186,1.264976924854095,-0.8754400274634181,1.5396619888576553,-1.0567043334986914,0.0,-1.0165300454651272,0.0,0.0,-3.552713678800501e-15,0.0,0.0,0.0,0.0,4.263256414560601e-14,-0.5103296272761846,-0.703381292698326
-0.5051722972242699,-1.062392656898271,1.2248661055207608,1.0842025031427007,0.4881897429885842,0.44431007517554744,-1.126119832972792,1.1261198329727897,-0.435141491707133,-0.7899914032816737,-0.9259430646588744,-1.3505259219210606,-1.1500067920888266,1.2296583734971884,-0.8864368616886205,1.5396619888576553,-1.0567043334986914,0.0,-1.0165300454651272,0.0,0.0,-3.552713678800501e-15,0.0,0.0,0.0,0.0,4.263256414560601e-14,-0.5103296272761846,-0.703381292698326
-0.3631997723738992,-0.17490490353707008,1.1856626779944193,0.7109777829707357,1.5219151583359625,0.7045990782569685,-1.0914843428188752,1.0914843428188725,-0.9201893199202962,0.025911224622042418,0.241306442088219,-1.3505259219210606,-1.1216115626545344,1.1942273390983988,-0.8964557348205359,1.5396619888576553,-1.0567043334986914,0.0,-1.0165300454651272,0.0,0.0,-3.552713678800501e-15,0.0,0.0,0.0,0.0,4.263256414560601e-14,-0.5028594473580498,-0.6999727540168886
1.714082433331525,1.8851648817024522,-0.598093274454127,-0.24618961198539985,-0.5744181000389296,0.7509872174199961,-0.7748170042687677,0.7748170042687651,-0.18854154543075274,0.1365113586267685,0.3595551742655115,-1.3505259219210606,-1.0932163332202425,1.1586943062708344,-0.9054936821134167,1.5396619888576553,-1.0567043334986914,0.0,-1.0165300454651272,0.0,0.0,-3.552713678800501e-15,0.0,0.0,0.0,0.0,4.263256414560601e-14,-0.3609260289134885,-0.6318019803881421
2.117583293432579,2.02806172300623,-1.5781789626126692,-0.9659979760091287,-1.182329425629806,0.8849973972242897,-0.6461708979827873,0.6461708979827846,-0.20892170628002427,0.6985776134048842,0.8923204061340616,-1.3505259219210606,-1.0648211037859505,1.1230697898105806,-0.9135480290932525,1.5396619888576553,-1.0567043334986914,0.0,-1.0165300454651272,0.0,0.0,-3.552713678800501e-15,0.0,0.0,0.0,0.0,4.263256414560601e-14,1.7157839883279868,0.3839425466801811
9.193792821501056,3.1650614015214633,-0.22566071295388113,-0.7987309522314889,1.5529931052745451,0.4340015998059846,-0.21075330747638954,0.21075330747638724,-1.3196404725663522,0.2833738316494374,0.5087328085233074,-1.3505259219210606,-1.0364258743516586,1.0873643315852002,-0.9206163923491901,1.5396619888576553,-1.0567043334986914,0.0,-1.0165300454651272,0.0,0.0,-3.552713678800501e-15,0.0,0.0,0.0,0.0,4.263256414560601e-14,2.1191737039072662,1.5803396238646823
0.5708299963785397,1.2777552577390814,-0.1080504303748565,-1.7835570454183374,2.5852527664232507,-0.43191033123716327,0.6996652908551686,-0.699665290855171,-1.9453114106395168,-0.13908241790959808,0.053616361694442546,-1.3505259219210606,-1.0080306449173664,1.0515884974142284,-0.9266966802388222,1.5396619888576553,-1.0567043334986914,0.0,-1.0165300454651272,0.0,0.0,-3.552713678800501e-15,0.0,0.0,0.0,0.0,4.263256414560601e-14,9.193434086380925,5.9398605974230225
-0.4453943920241138,-0.57893822996837,-0.1668555716643688,-1.0288349526013547,1.9247604392672435,-0.3236713398567692,0.34341453498629826,-0.34341453498630065,-1.2157016522348727,-0.26962683837419266,-0.10653553438110407,-1.3505259219210606,-0.9796354154830744,1.0157528739425747,-0.9317870935071408,1.5396619888576553,-1.0567043334986914,0.0,-1.0165300454651272,0.0,0.0,-3.552713678800501e-15,0.0,0.0,0.0,0.0,4.263256414560601e-14,0.5728464608533619,5.418354179163112
-0.16892158047339192,0.37720128722656254,-0.7745086983226646,-0.9182657712681014,0.7729842042778898,-0.4473730442915043,0.7343007810090855,-0.7343007810090878,-0.39438117000853434,0.3341411062745576,0.5584536892121594,-1.3505259219210606,-0.9512401860487825,0.9798680655077648,-0.9358861258189621,1.5396619888576553,-1.0567043334986914,0.0,-1.0165300454651272,0.0,0.0,-3.552713678800501e-15,0.0,0.0,0.0,0.0,4.263256414560601e-14,-0.4430980080129713,4.249225411430109
-0.5126445353742894,-1.1467008793167253,1.0092472541258812,0.8275730211118485,0.7272335625170686,0.3128770142136396,-0.29486806927876114,0.29486806927875886,-0.43106545953733433,-0.3620958028699471,-0.22766019227442139,-1.3505259219210606,-0.9228449566144904,0.9439446910019449,-0.9389925642046786,1.5396619888576553,-1.0567043334986914,0.0,-1.0165300454651272,0.0,0.0,-3.552713678800501e-15,0.0,0.0,0.0,0.0,4.263256414560601e-14,-0.16670135104198364,-0.0216735564108608
-0.2959496290237236,0.0571738188910216,0.5192044100466107,0.6231836687055878,-0.15939428701855216,1.1349779249361522,-0.9183068920492843,0.9183068920492822,-0.9955959150626287,0.2942525333548203,0.5194626088317635,-1.3505259219210606,-0.8944497271801984,0.9079933807295824,-0.9411054894191935,1.5396619888576553,-1.0567043334986914,0.0,-1.0165300454651272,0.0,0.0,-3.552713678800501e-15,0.0,0.0,0.0,0.0,4.263256414560601e-14,-0.5103296272761846,-0.5159116652192731
-0.3482552960738602,-0.11781626929259283,0.127170134783194,0.19833208208022812,0.18475880659423463,0.3695736287462279,-0.09695098268494538,0.09695098268494295,-0.8101364513341187,-0.09194137718627207,0.10877078931292038,-0.4501753073070202,-0.8660544977459064,0.8720247732617871,-0.9422242762139429,0.24147882767948214,-0.7088572038333182,0.0,0.9837387536759294,0.0,0.0,-3.552713678800501e-15,0.0,0.0,0.0,0.0,4.263256414560601e-14,-0.29369440965027527,-0.44774089159052655
-0.4080332012740163,-0.37229028455372143,-0.22566071295388113,-0.17820843960738875,0.3608560394917289,-0.5659205110414612,0.8876865231192941,-0.8876865231192964,-0.7714141457204193,-0.5053320419908217,-0.43119736108630746,-0.4501753073070202,-0.8376592683116144,0.8360495122881898,-0.9423485935219145,0.24147882767948214,-0.7088572038333182,0.0,0.9837387536759294,0.0,0.0,-3.552713678800501e-15,0.0,0.0,0.0,0.0,4.263256414560601e-14,-0.3459856690772189,-0.5295458199450224
-0.46033886832415283,-0.677324736034757,0.24478041736221925,0.22381539519207586,0.44943272345286567,-0.2515120122698399,0.4522689326128964,-0.45226893261289874,-1.307412376056678,-0.4708828199237759,-0.3802136027411265,-0.4501753073070202,-0.8092640388773223,0.800078243467298,-0.9414784045556165,0.24147882767948214,-0.7088572038333182,0.0,0.9837387536759294,0.0,0.0,-3.552713678800501e-15,0.0,0.0,0.0,0.0,4.263256414560601e-14,-0.40574710842229733,-0.4818262784048999
-0.4902278209242309,-0.9146221568886335,0.40159412746758605,0.36103193466288835,0.46440002697546406,0.4829668578114023,-0.33939941376236993,0.3393994137623675,-1.1076867997337057,-0.3675351537226385,-0.2350126435474937,-0.4501753073070202,-0.7808688094430304,0.7641216112762779,-0.9396139668179638,0.24147882767948214,-0.7088572038333182,0.0,0.9837387536759294,0.0,0.0,-3.552713678800501e-15,0.0,0.0,0.0,0.0,4.263256414560601e-14,-0.4580383678492409,-0.556814129396521
-0.35572753422387965,-0.14590011431835348,-0.22566071295388113,-0.15628798614892384,0.29829537137879114,-0.2257408238459381,0.9322178676029029,-0.9322178676029051,-1.7455858343165445,0.2797475977476432,0.5051469003665113,-0.4501753073070202,-0.7524735800087383,0.7281902558610804,-0.9367558320260797,0.24147882767948214,-0.7088572038333182,0.0,0.9837387536759294,0.0,0.0,-3.552713678800501e-15,0.0,0.0,0.0,0.0,4.263256414560601e-14,-0.48791908752178015,-0.6215763643438302
2.8722793465845493,2.2457384396093723,-1.3625601112177894,-1.08885395284133,-0.07670056880273103,-0.8932146040250335,1.4418543655819835,-1.4418543655819858,-2.4038650297485433,-0.485387755530953,-0.4015084384479155,-0.4501753073070202,-0.7240783505744464,0.6922948098878537,-0.9329048459480311,0.24147882767948214,-0.7088572038333182,0.0,0.9837387536759294,0.0,0.0,-3.552713678800501e-15,0.0,0.0,0.0,0.0,4.263256414560601e-14,-0.35345584899535365,-0.5977165935737689
1.4600263362308616,1.78169561801544,-1.3625601112177894,-1.1797122333593804,0.1120670100814228,-0.6844679777914138,1.1994059345045558,-1.1994059345045578,-0.9589116255338287,-0.4581910012674958,-0.3617783007678811,-0.4501753073070202,-0.6956831211401543,0.6564458953965645,-0.9280621481525558,0.24147882767948214,-0.7088572038333182,0.0,0.9837387536759294,0.0,0.0,-3.552713678800501e-15,0.0,0.0,0.0,0.0,4.263256414560601e-14,2.8736618756388808,0.9224916583472783
1.6916657188814666,1.8765067360621237,-0.42167785058558943,0.0015516384689869072,-1.3092901742396212,-0.7025078096881472,1.070759828218577,-1.0707598282185793,-0.2293018671293514,-0.6014272403883704,-0.5816619631445149,-0.4501753073070202,-0.6672878917058623,0.6206541206577626,-0.9222291716718426,0.24147882767948214,-0.7088572038333182,0.0,0.9837387536759294,0.0,0.0,-3.552713678800501e-15,0.0,0.0,0.0,0.0,4.263256414560601e-14,1.4617978711114032,1.8121202542024204
1.5422209558810762,1.8165131178687202,0.127170134783194,0.39951047252217947,-0.7843394647779691,-1.0684586853075744,1.0658119010537292,-1.0658119010537317,-0.8529347891175612,-0.791804520232571,-0.9296913154072332,-0.4501753073070202,-0.6388926622715703,0.5849300770334289,-0.915407642577476,0.24147882767948214,-0.7088572038333182,0.0,0.9837387536759294,0.0,0.0,-3.552713678800501e-15,0.0,0.0,0.0,0.0,4.263256414560601e-14,1.6933734485735823,2.746059852916247
0.4961076148783446,1.2187622808485754,0.08796670725685246,0.3984579531312009,-1.0537637462068505,-1.0968069925738662,0.7738841983278499,-0.7738841983278524,-1.0180140919967997,-0.7283454269511708,-0.8042994157875133,-0.4501753073070202,-0.6104974328372783,0.549284335842816,-0.9075995794696622,0.24147882767948214,-0.7088572038333182,0.0,0.9837387536759294,0.0,0.0,-3.552713678800501e-15,0.0,0.0,0.0,0.0,4.263256414560601e-14,1.5439698502108863,2.139339967620404
-0.4155054394240358,-0.4099371072313205,0.6760181201519775,0.875322952868301,-0.9759625951393194,-0.6844679777914138,0.14054952122763487,-0.14054952122763723,-0.32916465529075417,-0.8534504965630739,-1.0641993838503208,-0.4501753073070202,-0.5821022034029862,0.5137274452342268,-0.8988072928798951,0.24147882767948214,-0.7088572038333182,0.0,0.9837387536759294,0.0,0.0,-3.552713678800501e-15,0.0,0.0,0.0,0.0,4.263256414560601e-14,0.4981446616720138,1.6996384777149887
0.12996794552738852,0.8539797064870625,0.3427889861780731,0.5957305407806487,-0.9284495213972909,-1.1870061520575268,0.7095611451848589,-0.7095611451848614,0.08862864211956269,-0.8661423152193539,-1.0938441910297987,-0.4501753073070202,-0.5537069739686943,0.47826992706364685,-0.8890333845872305,0.24147882767948214,-0.7088572038333182,0.0,0.9837387536759294,0.0,0.0,-3.552713678800501e-15,0.0,0.0,0.0,0.0,4.263256414560601e-14,-0.41321728834043214,0.7384305695496628
0.6156634252786567,1.3113504403286185,0.5584078375729529,0.7506852300064091,-0.7289157679072502,-1.5194544827258816,0.907478231778678,-0.9074782317786804,-0.6980455666629861,-0.9314145254516513,-1.2603231568121647,-0.4501753073070202,-0.5253117445344022,0.4429222737811612,-0.8782807468483795,0.24147882767948214,-0.7088572038333182,0.0,0.9837387536759294,0.0,0.0,-3.552713678800501e-15,0.0,0.0,0.0,0.0,4.263256414560601e-14,0.13210584568340847,0.09421675875800824
2.0503331500824027,2.0057917317978005,1.8325192321790573,1.6545936883891685,0.2813187854289756,-1.416369729030268,1.0559160467240407,-1.055916046724043,-2.102238649178991,-0.817188157545131,-0.9833369590454879,-0.4501753073070202,-0.4969165151001102,0.40769494532606443,-0.8665525615418427,0.24147882767948214,-0.7088572038333182,0.0,0.9837387536759294,0.0,0.0,-3.552713678800501e-15,0.0,0.0,0.0,0.0,4.263256414560601e-14,0.6176675403621705,0.14875337766100552
0.4064407570781105,1.1423493175915693,1.3228746743366153,1.0990891963354206,0.7557559999431304,-0.7643586619055158,0.8926344502841418,-0.892634450284144,-3.0010037426327836,-0.7029617896386108,-0.7571016504291591,-0.4501753073070202,-0.4685212856658182,0.3725983660315995,-0.8538522992263397,0.24147882767948214,-0.7088572038333182,0.0,0.9837387536759294,0.0,0.0,-3.552713678800501e-15,0.0,0.0,0.0,0.0,4.263256414560601e-14,2.0519420846440526,1.2735711425353229
0.025356611427115407,0.7145463729776149,1.7541123771263736,1.2454707905270341,1.5262647062440593,-0.8494035837043961,0.9619054305919754,-0.9619054305919778,-2.08389650441473,-0.791804520232571,-0.9296913154072332,-0.4501753073070202,-0.4401260562315262,0.3376429215402285,-0.8401837181138179,0.24147882767948214,-0.7088572038333182,0.0,0.9837387536759294,0.0,0.0,-3.552713678800501e-15,0.0,0.0,0.0,0.0,4.263256414560601e-14,0.40850250265439625,1.399687073748504
-0.16892158047339192,0.37720128722656254,0.8916369715468565,0.6928438934079276,0.8189537911079771,-0.05307386140578526,0.4572168597777424,-0.4572168597777447,-1.3277925369060608,-0.27506618922688414,-0.113469836057353,-0.4501753073070202,-0.41173082679723416,0.30283895573035624,-0.8255508629573344,0.24147882767948214,-0.7088572038333182,0.0,0.9837387536759294,0.0,0.0,-3.552713678800501e-15,0.0,0.0,0.0,0.0,4.263256414560601e-14,0.02752332682952127,1.1304125179149553
-0.29594962902372357,0.0571738188910218,0.06836499349368169,0.18807350797803601,0.032777667406602186,-0.6483883139979513,0.9569575034271278,-0.95695750342713,-0.5064720546796668,-0.3675351537226385,-0.2350126435474937,-0.4501753073070202,-0.38333559736294215,0.26819676765540795,-0.8099580638541501,0.24147882767948214,-0.7088572038333182,0.0,0.9837387536759294,0.0,0.0,-3.552713678800501e-15,0.0,0.0,0.0,0.0,4.263256414560601e-14,-0.16670135104198364,0.11807652952806988
0.06271780217721297,0.7669028845707959,-1.1861446873492523,-0.8349281252941619,-0.3027354727886316,-1.5039917696715384,1.496281564395281,-1.4962815643952831,-0.26598615665809583,-0.6848306201296392,-0.7242864622141992,-0.4501753073070202,-0.35494036792865014,0.23372660849617508,-0.7934099349643844,0.24147882767948214,-0.7088572038333182,0.0,0.9837387536759294,0.0,0.0,-3.552713678800501e-15,0.0,0.0,0.0,0.0,4.263256414560601e-14,-0.2936944096502752,-0.2023261065270389
-0.4977000590742504,-0.9854252800741131,-0.3628727092960771,-0.3049563564862153,0.3567200757836292,-1.145772250579284,1.1994059345045558,-1.1994059345045578,0.07843856169495471,-0.8679554321702512,-1.0981417998745462,-0.4501753073070202,-0.3265451384943581,0.1994386785273234,-0.7759113731456092,0.24147882767948214,-0.7088572038333182,0.0,0.9837387536759294,0.0,0.0,-3.552713678800501e-15,0.0,0.0,0.0,0.0,4.263256414560601e-14,0.06487422642019527,-0.18528341311985222
-0.5051722972242699,-1.062392656898271,0.7348232614414898,0.6982519659993964,0.3197494338051217,-0.17677556584052034,0.1553933027221711,-0.15539330272217344,0.40859716745348734,-0.6050534742901649,-0.5876075584843158,-0.4501753073070202,-0.2981499090600661,0.1653431240989705,-0.7574675565037908,0.24147882767948214,-0.7088572038333182,0.0,0.9837387536759294,0.0,0.0,-3.552713678800501e-15,0.0,0.0,0.0,0.0,4.263256414560601e-14,-0.4953892674399149,-0.33525911510309453
-0.5126445353742894,-1.1467008793167253,-0.02964357532217216,0.1993363302755494,-0.37897993759932397,-0.07626793098729905,-0.05736756536618089,0.05736756536617867,0.7611739501461353,-0.5760436030758104,-0.5406239671254636,-0.4501753073070202,-0.2697546796257741,0.13145003463421553,-0.7380839428610064,0.24147882767948214,-0.7088572038333182,0.0,0.9837387536759294,0.0,0.0,-3.552713678800501e-15,0.0,0.0,0.0,0.0,4.263256414560601e-14,-0.5028594473580498,-0.43069819818333965
-0.5051722972242699,-1.062392656898271,0.127170134783194,0.3481863736298315,-0.46009303436008875,-0.3571738848078415,0.06633061375495353,-0.0663306137549559,0.49826987519028215,-0.683017503178742,-0.7210438457803279,-0.4501753073070202,-0.2413594501914821,0.09776943964352042,-0.7177662681403858,0.24147882767948214,-0.7088572038333182,0.0,0.9837387536759294,0.0,0.0,-3.552713678800501e-15,0.0,0.0,0.0,0.0,4.263256414560601e-14,-0.5103296272761846,-0.6931556766540138
-0.3930887249739772,-0.3014871613682416,0.46039926875709836,0.5900600685431706,-0.24413279499070012,-0.7720900184326863,0.610602601887951,-0.6106026018879532,-0.16612336849652623,-0.8280668592505138,-1.0070402712679432,-0.4501753073070202,-0.2129642207571901,0.06431130575681043,-0.6965205446687582,0.24147882767948214,-0.7088572038333182,0.0,0.9837387536759294,0.0,0.0,-3.552713678800501e-15,0.0,0.0,0.0,0.0,4.263256414560601e-14,-0.5028594473580498,-0.6965642153354511
-0.3631997723738992,-0.17490490353707008,-1.6957892451916943,-1.2961950464038512,-0.3507666789165338,-1.5735739784160754,1.5556566903734261,-1.5556566903734284,-0.009196129956940724,-0.889712835581017,-1.151031050256603,-0.4501753073070202,-0.18456899132289808,0.031085533774192563,-0.6743530593975097,0.24147882767948214,-0.7088572038333182,0.0,0.9837387536759294,0.0,0.0,-3.552713678800501e-15,0.0,0.0,0.0,0.0,4.263256414560601e-14,-0.39080674858602765,-0.6454361351138912
-0.46781110647417234,-0.7309512648129846,-1.1861446873492523,-0.8058787466992099,-0.39364231174361164,-1.03753325919889,0.9619054305919754,-0.9619054305919778,0.8406565774583777,-0.8008701049870567,-0.9485953112911999,-0.4501753073070202,-0.15617376188860607,-0.0018980442638534699,-0.6512703720421722,0.24147882767948214,-0.7088572038333182,0.0,0.9837387536759294,0.0,0.0,-3.552713678800501e-15,0.0,0.0,0.0,0.0,4.263256414560601e-14,-0.3609260289134885,-0.5772653614851446
-0.2361717238235675,0.22222156379643468,-0.4608812781119316,-0.22654362920706195,-0.16055576821895146,-0.1793526846829127,0.11086195823856233,-0.11086195823856454,1.1810052636416295,-0.28775800788316397,-0.12973833923393302,-0.4501753073070202,-0.12777853245431406,-0.03462966798593022,-0.6272793131412993,0.24147882767948214,-0.7088572038333182,0.0,0.9837387536759294,0.0,0.0,-3.552713678800501e-15,0.0,0.0,0.0,0.0,4.263256414560601e-14,-0.4655085477673757,-0.5602226680779581
-0.40056096312399675,-0.33618050277968226,-1.2645515424019353,-0.6728085701181671,-1.982813817099698,0.011354109653973557,0.04653890509557297,-0.04653890509557534,1.2462217783592984,0.19634421800637436,0.4213395288570811,-0.4501753073070202,-0.09938330302002205,-0.06709965157797744,-0.602386982035199,0.24147882767948214,-0.7088572038333182,0.0,0.9837387536759294,0.0,0.0,-3.552713678800501e-15,0.0,0.0,0.0,0.0,4.263256414560601e-14,-0.23393297030519683,-0.4886433557677742
-0.14650486602333335,0.4233630728239848,-1.715390958954865,-1.1147681178614453,-0.9933224466672474,1.1092067365122482,-0.6560667523124775,0.6560667523124749,1.386844888219411,2.9704131528790096,2.467277274949738,-0.4501753073070202,-0.07098807358573003,-0.09929838664945746,-0.5766007447651251,0.24147882767948214,-0.7088572038333182,0.0,0.9837387536759294,0.0,0.0,-3.552713678800501e-15,0.0,0.0,0.0,0.0,4.263256414560601e-14,-0.3982769285041625,-0.5056860491749608
0.8846639986793592,1.4898554612840276,-1.59778067637584,-0.9791273191902556,-1.205039631421465,1.0988982611426898,-0.32950355943267967,0.32950355943267723,1.1422829580279301,4.250473720212396,3.1559925393775234,-0.4501753073070202,-0.04259284415143802,-0.13121634507663568,-0.5499282318935457,0.24147882767948214,-0.7088572038333182,0.0,0.9837387536759294,0.0,0.0,-3.552713678800501e-15,0.0,0.0,0.0,0.0,4.263256414560601e-14,-0.14429081128757917,-0.3591188858731558
-0.06431024637311875,0.5745866682432137,-0.9901275497175439,-0.4470379368018206,-1.6181065287916245,0.6865592463602395,-0.09695098268494538,0.09695098268494295,0.5349541647190266,2.1653892266806762,1.9769690040146095,-0.4501753073070202,-0.014197614717146007,-0.16284408182210292,-0.5223773362461396,0.24147882767948214,-0.7088572038333182,0.0,0.9837387536759294,0.0,0.0,-3.552713678800501e-15,0.0,0.0,0.0,0.0,4.263256414560601e-14,0.8865940174150236,0.15216191634244303
-0.4229776775740553,-0.44925766137787904,-0.14725385790119802,0.23041897746399728,-1.3729633332227937,0.47781262012661974,-0.2849722149490709,0.28497221494906855,0.08047657777996528,0.5281446200205523,0.7408367410730891,0.4501753073070202,0.014197614717146007,-0.19417223772971567,-0.4939562105761787,-0.7088572038333175,0.241478827679481,0.0,0.9837387536759294,0.0,0.0,-3.552713678800501e-15,0.0,0.0,0.0,0.0,4.263256414560601e-14,-0.06211883218809638,0.3055461570071227
-0.12408815157327482,0.46723488120203843,-0.598093274454127,-0.1351493764168478,-1.428721931668166,0.2819515881049575,-0.15632610866309046,0.15632610866308808,0.08047657777996528,0.1365113586267685,0.3595551742655115,0.4501753073070202,0.04259284415143802,-0.22519154229411756,-0.4646732651520024,-0.7088572038333175,0.241478827679481,0.0,0.9837387536759294,0.0,0.0,-3.552713678800501e-15,0.0,0.0,0.0,0.0,4.263256414560601e-14,-0.4206874682585669,0.17943022579394152
-0.4827555827742114,-0.8490687038142211,-0.28446585424339343,0.12999638226497026,-1.717972220128584,0.4803897389690121,-0.2701284334545346,0.27012843345453236,-0.46978776515086684,0.32326240456917477,0.5478737739378474,0.4501753073070202,0.07098807358573003,-0.25589281640403644,-0.43453716526827857,-0.7088572038333175,0.241478827679481,0.0,0.9837387536759294,0.0,0.0,-3.552713678800501e-15,0.0,0.0,0.0,0.0,4.263256414560601e-14,-0.1218802715331748,-0.28072249620009737
-0.32583858162380164,-0.03854832727717802,-1.1665429735860813,-0.6043098345289817,-1.3774586466580436,0.7277931478384823,-0.2651805062896886,0.26518050628968615,-0.7265777918519107,1.1772404884417307,1.2831339727849866,0.4501753073070202,0.09938330302002205,-0.28626697505852694,-0.40355682868180603,-0.7088572038333175,0.241478827679481,0.0,0.9837387536759294,0.0,0.0,-3.552713678800501e-15,0.0,0.0,0.0,0.0,4.263256414560601e-14,-0.4804489076036453,-0.47160066236058756
3.47005839858611,2.3867227032654936,-1.7937978140075483,-1.137800805437362,-1.2387921468480754,0.5422405911863786,0.01685134210650044,-0.016851342106502652,-1.2544239578485719,0.8780761915437019,1.0443240133861293,0.4501753073070202,0.12777853245431406,-0.3163050300553708,-0.3717414229726048,-0.7088572038333175,0.241478827679481,0.0,0.9837387536759294,0.0,0.0,-3.552713678800501e-15,0.0,0.0,0.0,0.0,4.263256414560601e-14,-0.32357512932281446,-0.42728965950190234
-0.1838660567734309,0.3450316759648054,-0.40207613682241866,-0.48789089149608833,0.7003619077358698,-0.27470608185135587,0.7194569995145492,-0.7194569995145516,-1.7822701238451775,-0.0012855296414145461,0.21135648902412008,0.4501753073070202,0.15617376188860607,-0.34599809265082715,-0.3391003628310876,-0.7088572038333175,0.241478827679481,0.0,0.9837387536759294,0.0,0.0,-3.552713678800501e-15,0.0,0.0,0.0,0.0,4.263256414560601e-14,3.4712762690896652,1.2122174462694513
-0.47528334462419186,-0.788039899057462,-0.8137121258490061,-0.7709016890707344,0.4220523878355985,-0.3004772702752576,0.9767492120865117,-0.9767492120865139,-2.157265083472163,0.5063872166097866,0.7209412707766243,0.4501753073070202,0.18456899132289808,-0.37533737618996005,-0.305643307272092,-0.7088572038333175,0.241478827679481,0.0,0.9837387536759294,0.0,0.0,-3.552713678800501e-15,0.0,0.0,0.0,0.0,4.263256414560601e-14,-0.1816417108782532,1.3485589935269442
-0.07178248452313822,0.5618588685483348,0.10756842102002323,0.26364727378264863,-0.13356038027050895,-0.07369081214490887,0.6402901648770236,-0.640290164877026,-2.3264204185213115,0.31238370286379186,0.5372536049035245,0.4501753073070202,0.2129642207571901,-0.4043141987067456,-0.2713801567766312,-0.7088572038333175,0.241478827679481,0.0,0.9837387536759294,0.0,0.0,-3.552713678800501e-15,0.0,0.0,0.0,0.0,4.263256414560601e-14,-0.4729787276855105,1.280388219898198
1.2582759061803348,1.6899308600375487,1.950129514758082,0.8751101270161222,2.801941198126898,-0.903523079394592,1.174666298680331,-1.1746662986803331,-3.219071463720128,-0.7863651693798795,-0.9184783733739916,0.4501753073070202,0.2413594501914821,-0.4329199854932086,-0.23632105036217918,-0.7088572038333175,0.241478827679481,0.0,0.9837387536759294,0.0,0.0,-3.552713678800501e-15,0.0,0.0,0.0,0.0,4.263256414560601e-14,-0.06958901210623115,-0.33525911510309453
0.2420515177776812,0.9824028948836995,0.578009551336123,0.5180008538456147,0.46917611269713955,-1.024647664986937,1.0559160467240407,-1.055916046724043,-3.2516797210789625,-0.7899914032816737,-0.9259430646588744,0.4501753073070202,0.2697546796257741,-0.4611462716368164,-0.20047636258236928,-0.7088572038333175,0.241478827679481,0.0,0.9837387536759294,0.0,0.0,-3.552713678800501e-15,0.0,0.0,0.0,0.0,4.263256414560601e-14,1.2601030133217637,0.32258885041430946
0.12996794552738852,0.8539797064870625,0.989645540362711,0.6227324072199365,1.2731969942878667,-1.0066078330902035,1.1647704443506355,-1.1647704443506377,-3.359694573580241,-0.817188157545131,-0.9833369590454879,0.4501753073070202,0.2981499090600661,-0.4889847045253819,-0.16385670045700146,-0.7088572038333175,0.241478827679481,0.0,0.9837387536759294,0.0,0.0,-3.552713678800501e-15,0.0,0.0,0.0,0.0,4.263256414560601e-14,0.2441585444554305,0.6498085638322925
-0.29594962902372357,0.0571738188910218,1.5972986670210068,1.1178958617787993,1.4754864009554276,-1.0066078330902035,1.110343245537338,-1.1103432455373403,-2.1389229387077355,-0.7265323100002736,-0.8008769350513072,0.4501753073070202,0.3265451384943581,-0.5164270463187367,-0.12647290033325148,-0.7088572038333175,0.241478827679481,0.0,0.9837387536759294,0.0,0.0,-3.552713678800501e-15,0.0,0.0,0.0,0.0,4.263256414560601e-14,0.13210584568340847,0.7418391082311003
-0.40056096312399675,-0.33618050277968226,0.24478041736221925,0.2425191280517791,0.39019520575042715,-1.1663892013184054,1.2637289876475484,-1.2637289876475508,-1.1138008479885149,-0.7845520524289823,-0.9147617541248672,0.4501753073070202,0.35494036792865014,-0.5434651763864381,-0.08833602467902509,-0.7088572038333175,0.241478827679481,0.0,0.9837387536759294,0.0,0.0,-3.552713678800501e-15,0.0,0.0,0.0,0.0,4.263256414560601e-14,-0.2936944096502752,0.032863062492136406
-0.45286663017413337,-0.6267642998148498,-0.9117206946648606,-0.6213229331387985,-0.19080945090715443,-1.0761900418347448,1.194458007339708,-1.1944580073397104,-0.31897457486620184,-0.6793912692769478,-0.7145792447809566,0.4501753073070202,0.38333559736294215,-0.5700910937107984,-0.04945735880939089,-0.7088572038333175,0.241478827679481,0.0,0.9837387536759294,0.0,0.0,-3.552713678800501e-15,0.0,0.0,0.0,0.0,4.263256414560601e-14,-0.3982769285041625,-0.2602712641114735
-0.40056096312399675,-0.33618050277968226,-0.323669281769735,-0.1764144631514022,0.0867136993989157,-1.1431951317368916,1.1994059345045558,-1.1994059345045578,0.12327491556346333,-0.46544346907108447,-0.3722905183955279,0.4501753073070202,0.41173082679723416,-0.5962969192545106,-0.009848407547077428,-0.7088572038333175,0.241478827679481,0.0,0.9837387536759294,0.0,0.0,-3.552713678800501e-15,0.0,0.0,0.0,0.0,4.263256414560601e-14,-0.45056818793110615,-0.5261372812635849
-0.06431024637311875,0.5745866682432137,-0.9509241221912021,-0.5962744522612663,-0.3923029696848714,-1.2952451434379209,1.2785727691420847,-1.278572769142087,0.10085673862912561,-0.5851091878302961,-0.5551658778471461,0.4501753073070202,0.4401260562315262,-0.6220748982921865,0.030479108181991062,-0.7088572038333175,0.241478827679481,0.0,0.9837387536759294,0.0,0.0,-3.552713678800501e-15,0.0,0.0,0.0,0.0,4.263256414560601e-14,-0.3982769285041625,-0.5738568228037075
-0.32583858162380164,-0.03854832727717802,-0.049245289085343556,-0.20557229652777825,0.8512657742229957,-1.4060612536607051,1.357739603779607,-1.3577396037796092,0.1151228512236991,-0.8570767304648683,-1.0725927371419863,0.4501753073070202,0.4685212856658182,-0.6474174027050997,0.07151325481710154,-0.7088572038333175,0.241478827679481,0.0,0.9837387536759294,0.0,0.0,-3.552713678800501e-15,0.0,0.0,0.0,0.0,4.263256414560601e-14,-0.06211883218809638,-0.4204725821390279
-0.40056096312399675,-0.33618050277968226,-1.4213652525073024,-1.1870832824223827,0.006970537391007363,-1.3699815898672403,1.4616460742413608,-1.461646074241363,0.4921558269355841,-0.7519159473128336,-0.8495561600459305,0.4501753073070202,0.4969165151001102,-0.6723169332384743,0.11324188969409114,-0.7088572038333175,0.241478827679481,0.0,0.9837387536759294,0.0,0.0,-3.552713678800501e-15,0.0,0.0,0.0,0.0,4.263256414560601e-14,-0.32357512932281446,-0.3625274245545933
-0.4453943920241138,-0.57893822996837,0.02916156596733952,0.03360665478674772,0.4288290715697695,-0.8777518909706881,0.704613218020013,-0.7046132180200151,0.6246268724559325,-0.5869223047811933,-0.558089316672801,0.4501753073070202,0.5253117445344022,-0.6967661217206284,0.15565266463854657,-0.7088572038333175,0.241478827679481,0.0,0.9837387536759294,0.0,0.0,-3.552713678800501e-15,0.0,0.0,0.0,0.0,4.263256414560601e-14,-0.3982769285041625,-0.3625274245545933
-0.4827555827742114,-0.8490687038142211,-0.049245289085343556,0.05684504085352801,0.13021432313017206,-0.9344485055032763,0.9619054305919754,-0.9619054305919778,0.7774780788256082,-0.46181723516929013,-0.36702704804144565,0.4501753073070202,0.5537069739686943,-0.7207577332433414,0.19873302961984032,-0.7088572038333175,0.241478827679481,0.0,0.9837387536759294,0.0,0.0,-3.552713678800501e-15,0.0,0.0,0.0,0.0,4.263256414560601e-14,-0.4430980080129713,-0.5363628973078969
-0.5051722972242699,-1.062392656898271,0.6564164063888067,0.6993615503171915,0.03392232139774751,-0.5916916994653652,0.551227475909806,-0.5512274759098084,0.32300049188643565,-0.2514956688652209,-0.08358197575642579,0.4501753073070202,0.5821022034029862,-0.7442846683027758,0.24247023646487798,-0.7088572038333175,0.241478827679481,0.0,0.9837387536759294,0.0,0.0,-3.552713678800501e-15,0.0,0.0,0.0,0.0,4.263256414560601e-14,-0.4804489076036453,-0.6079422096180808
-0.5126445353742894,-1.1467008793167253,1.4600866706788107,1.4367540057375023,-0.26440743007615014,-0.38809931091652583,0.3038311176675338,-0.30383111766753607,-0.20484567411022558,-0.03936098561025464,0.16880192508975397,0.4501753073070202,0.6104974328372783,-0.7673399649003368,0.286851342630491,-0.7088572038333175,0.241478827679481,0.0,0.9837387536759294,0.0,0.0,-3.552713678800501e-15,0.0,0.0,0.0,0.0,4.263256414560601e-14,-0.5028594473580498,-0.6556617511582034
-0.5126445353742894,-1.1467008793167253,1.8717226597053989,1.6967303885892802,0.23666577920372814,-0.3958306674436964,0.35331038931598857,-0.3533103893159909,-0.5064720546796668,-0.1572135874185694,0.03204718078793282,0.4501753073070202,0.6388926622715703,-0.7899168006028345,0.3318632150333384,-0.7088572038333175,0.241478827679481,0.0,0.9837387536759294,0.0,0.0,-3.552713678800501e-15,0.0,0.0,0.0,0.0,4.263256414560601e-14,-0.5103296272761846,-0.6863385992911393
-0.45286663017413337,-0.6267642998148498,0.7740266889678313,0.604592636680817,0.7609709311063461,-0.6947764531609767,0.6600818735364041,-0.6600818735364065,0.2537079449988012,-0.3820400893298156,-0.2547520698862919,0.4501753073070202,0.6672878917058623,-0.8120084945613609,0.3774925339362094,-0.7088572038333175,0.241478827679481,0.0,0.9837387536759294,0.0,0.0,-3.552713678800501e-15,0.0,0.0,0.0,0.0,4.263256414560601e-14,-0.5103296272761846,-0.6999727540168886
-0.4827555827742114,-0.8490687038142211,0.3819924137044146,0.3042233128045165,0.5862597374248057,-0.8030154445413706,0.4968002770965052,-0.49680027709650765,1.0118499285924811,-0.336712165557387,-0.19369743559817482,0.4501753073070202,0.6956831211401543,-0.8336085094882516,0.4237257968895331,-0.7088572038333175,0.241478827679481,0.0,0.9837387536759294,0.0,0.0,-3.552713678800501e-15,0.0,0.0,0.0,0.0,4.263256414560601e-14,-0.45056818793110615,-0.6761129832468273
-0.40056096312399675,-0.33618050277968226,0.1859752760727063,0.22404113482211577,0.27683276190586786,-0.6355027197859983,0.23456013735969844,-0.2345601373597007,0.7876681592502717,-0.29319735873585545,-0.13674901258918298,0.4501753073070202,0.7240783505744464,-0.8547104535915774,0.47054932272697747,-0.7088572038333175,0.241478827679481,0.0,0.9837387536759294,0.0,0.0,-3.552713678800501e-15,0.0,0.0,0.0,0.0,4.263256414560601e-14,-0.4804489076036453,-0.662478828521078
-0.3482552960738602,-0.11781626929259283,-0.34327099553290635,0.014301409856965715,-0.833636556958372,-0.28243743837852636,-0.07221134686071716,0.07221134686071488,0.8019342718448452,-0.5869223047811933,-0.558089316672801,0.4501753073070202,0.7524735800087383,-0.8753080824665826,0.5179492556139342,-0.7088572038333175,0.241478827679481,0.0,0.9837387536759294,0.0,0.0,-3.552713678800501e-15,0.0,0.0,0.0,0.0,4.263256414560601e-14,-0.3982769285041625,-0.6113507482995181
-0.47528334462419186,-0.788039899057462,-0.06884700284851496,0.28123498630486615,-1.1832480382423078,-0.48602982692735913,-0.31960770510298936,0.3196077051029869,0.8732648348172678,-0.6848306201296392,-0.7242864622141992,0.4501753073070202,0.7808688094430304,-0.8953953009434983,0.5659115691476678,-0.7088572038333175,0.241478827679481,0.0,0.9837387536759294,0.0,0.0,-3.552713678800501e-15,0.0,0.0,0.0,0.0,4.263256414560601e-14,-0.3459856690772189,-0.5636312067593955
-0.4902278209242309,-0.9146221568886335,-0.3040675680065648,0.062329423863522956,-2.6037635208733563,-0.44221880660672397,-0.42351417556474324,0.4235141755647407,0.7632119662311458,-0.9658637475186971,-1.3607562831935196,0.4501753073070202,0.8092640388773223,-0.914966164891205,0.6144220705079644,-0.7088572038333175,0.241478827679481,0.0,0.9837387536759294,0.0,0.0,-3.552713678800501e-15,0.0,0.0,0.0,0.0,4.263256414560601e-14,-0.4729787276855105,-0.5602226680779582
-0.4902278209242309,-0.9146221568886335,-0.5196864194014433,-0.5848906836782457,-4.2048767050107045,0.05774224881699894,-0.3690869767514425,0.3690869767514402,1.346084566520868,-0.508958275892616,-0.4366477589093018,0.4501753073070202,0.8376592683116144,-0.9340148829761954,0.6634664046570121,-0.7088572038333175,0.241478827679481,0.0,0.9837387536759294,0.0,0.0,-3.552713678800501e-15,0.0,0.0,0.0,0.0,4.263256414560601e-14,-0.48791908752178015,-0.6011251322552061
0.824886093479203,1.4531842280043525,-1.9898149516392567,-1.963218002278629,0.13781191445845567,0.6504795825667726,-0.19096159881700728,0.19096159881700484,1.1565490706223924,2.5751536575834315,2.2332557745213637,0.4501753073070202,0.8660544977459064,-0.9525358183763226,0.713030058587287,-0.7088572038333175,0.241478827679481,0.0,0.9837387536759294,0.0,0.0,-3.552713678800501e-15,0.0,0.0,0.0,0.0,4.263256414560601e-14,-0.48791908752178015,-0.6658873672025153
1.4002484310307057,1.7554843131119613,-1.715390958954865,-2.8174953153257007,0.7960031035267533,0.9571567248112234,-0.5719519905101059,0.5719519905101034,0.508459955615057,3.0048623749460552,2.487125201491592,1.3505259219210606,0.8944497271801984,-0.9705234904488309,0.7630983656161927,-1.0567043334986919,1.539661988857655,0.0,-1.0165300454651272,0.0,0.0,-3.552713678800501e-15,0.0,0.0,0.0,0.0,4.263256414560601e-14,0.8268325780699451,-0.07280163663242059
-0.5126445353742894,-1.1467008793167253,-2.2250355167973064,-2.6429825283697754,0.16016951522981923,0.41853888675164347,-0.3047639236084531,0.3047639236084507,0.736717757127065,2.1889597470423388,1.992131538408365,1.3505259219210606,0.9228449566144904,-0.9879725763521582,0.8136565097261534,-1.0567043334986919,1.539661988857655,0.0,-1.0165300454651272,0.0,0.0,-3.552713678800501e-15,0.0,0.0,0.0,0.0,4.263256414560601e-14,1.4020364317663252,0.7895586497712229
-0.3930887249739772,-0.3014871613682416,-1.205746401112423,-2.7278974174703032,1.4388652120257028,1.3901126903327974,-0.9776820180274294,0.9776820180274269,0.9364433334501486,2.450048587971528,2.1565922734276586,1.3505259219210606,0.9512401860487825,-1.0048779126210585,0.8646895299489298,-1.0567043334986919,1.539661988857655,0.0,-1.0165300454651272,0.0,0.0,-3.552713678800501e-15,0.0,0.0,0.0,0.0,4.263256414560601e-14,-0.5103296272761846,0.779333033726911
-0.31836634347378207,-0.013629304294458125,-0.7941104120858353,-1.0738783261144,0.9762394219950419,0.8514948522732174,-0.007888293717727797,0.007888293717725424,0.8834549152418758,3.563302395822377,2.7979820169579295,1.3505259219210606,0.9796354154830744,-1.0212344966945486,0.9161823247927924,-1.0567043334986919,1.539661988857655,0.0,-1.0165300454651272,0.0,0.0,-3.552713678800501e-15,0.0,0.0,0.0,0.0,4.263256414560601e-14,-0.39080674858602765,0.2237412286526268
-0.01200457932298215,0.6588948906616683,-1.0489326910070562,-0.5637656293723753,-0.918848745168619,0.6298626318276511,0.1603412298870171,-0.16034122988701938,1.1198647810937592,2.8761310714323582,2.4125239965378698,1.3505259219210606,1.0080306449173664,-1.0370374883962477,0.9681196567113055,-1.0567043334986919,1.539661988857655,0.0,-1.0165300454651272,0.0,0.0,-3.552713678800501e-15,0.0,0.0,0.0,0.0,4.263256414560601e-14,-0.31610494940467965,-0.5602226680779582
0.025356611427115407,0.7145463729776149,-1.303754969928277,-0.7003532608299787,-1.802114865523824,0.2664888750506121,0.34341453498629826,-0.34341453498630065,0.824352448779016,2.031218572314287,1.8895998134614729,1.3505259219210606,1.0364258743516586,-1.0522822113666677,1.0204861566123682,-1.0567043334986919,1.539661988857655,0.0,-1.0165300454651272,0.0,0.0,-3.552713678800501e-15,0.0,0.0,0.0,0.0,4.263256414560601e-14,-0.009827572761152746,-0.3318505764216574
1.8485827200318763,1.9354061525508888,-1.931009810349744,-1.5882611613233621,-3.3033328388401837,0.4417329563331573,0.0020075606119641723,-0.0020075606119664396,0.5899805990120875,1.5054146565541147,1.5277478762880443,1.3505259219210606,1.0648211037859505,-1.0669641544470168,1.0732663284061612,-1.0567043334986919,1.539661988857655,0.0,-1.0165300454651272,0.0,0.0,-3.552713678800501e-15,0.0,0.0,0.0,0.0,4.263256414560601e-14,0.02752332682952127,-0.14097241026116714
2.125055531582598,2.0305019088776652,-1.715390958954865,-2.5483069884954532,0.7886346582491186,0.5010066897081358,0.05643475942526325,-0.05643475942526562,0.4697376500013576,1.1246600968657139,1.2423465787128931,1.3505259219210606,1.0932163332202425,-1.081078973014127,1.126444553590699,-1.0567043334986919,1.539661988857655,0.0,-1.0165300454651272,0.0,0.0,-3.552713678800501e-15,0.0,0.0,0.0,0.0,4.263256414560601e-14,1.8502472268544132,0.8475038073556572
0.9369696657294957,1.5207412307856818,-2.3818492269026734,-2.2711216839662822,-0.1706422610021004,-0.06338233677534817,0.6303943105473316,-0.6303943105473337,-0.1538952719869077,1.1681749036872453,1.276135385800556,1.3505259219210606,1.1216115626545344,-1.0946224902660993,1.180005095873592,-1.0567043334986919,1.539661988857655,0.0,-1.0165300454651272,0.0,0.0,-3.552713678800501e-15,0.0,0.0,0.0,0.0,4.263256414560601e-14,2.1266438838254005,1.8223458702467323
0.824886093479203,1.4531842280043525,-1.303754969928277,-4.103229378293695,0.45954156536876,0.5216236404472572,0.06138268659010923,-0.06138268659011155,-0.3128605266113926,0.8454400864275532,1.0172140949584838,1.3505259219210606,1.1500067920888266,-1.1075906984582848,1.2339321058286772,-1.0567043334986919,1.539661988857655,0.0,-1.0165300454651272,0.0,0.0,-3.552713678800501e-15,0.0,0.0,0.0,0.0,4.263256414560601e-14,0.9388852768419671,2.2381875893820857
-0.08672696082317727,0.5358403217230717,-1.6957892451916943,-2.1244047614288153,0.663516331937638,0.5267778781320375,-0.19096159881700728,0.19096159881700484,-0.6735893736438047,0.9088991797089533,1.0697241488398648,1.3505259219210606,1.1784020215231186,-1.119979760089241,1.2882096255861046,-1.0567043334986919,1.539661988857655,0.0,-1.0165300454651272,0.0,0.0,-3.552713678800501e-15,0.0,0.0,0.0,0.0,4.263256414560601e-14,0.8268325780699451,1.7712177900251724
2.633167725783925,2.182386680571554,-1.8722046690602316,-1.9157342086928406,0.2657232130365113,0.43657871864837694,0.31372697199722577,-0.31372697199722793,-1.7333577378069815,1.3639915343841373,1.4243350320090362,1.3505259219210606,1.2067972509574105,-1.1317860090363097,1.3428215935545338,-1.0567043334986919,1.539661988857655,0.0,-1.0165300454651272,0.0,0.0,-3.552713678800501e-15,0.0,0.0,0.0,0.0,4.263256414560601e-14,-0.08452937194250078,0.7622903403197242
3.544780780086305,2.4028648814604874,-1.7349926727180358,-1.691000202255303,0.23672582595426347,-0.40871626165564945,1.1499266628560991,-1.1499266628561016,-1.8434106063930478,0.537210204775038,0.7490874819328356,1.3505259219210606,1.2351924803917025,-1.1430059516404842,1.397751849174026,-1.0567043334986919,1.539661988857655,0.0,-1.0165300454651272,0.0,0.0,-3.552713678800501e-15,0.0,0.0,0.0,0.0,4.263256414560601e-14,2.6346161182585677,1.5360286210059972
-0.2884773908737041,0.07956911172405834,-1.0881361185333982,-0.8647038208669469,0.024697421867286396,-0.9061001982369822,1.5457608360437374,-1.5457608360437396,-0.4086472826029966,0.18365239935009423,0.4083540492607843,1.3505259219210606,1.2635877098259947,-1.1536362677402363,1.4529841376981985,-1.0567043334986919,1.539661988857655,0.0,-1.0165300454651272,0.0,0.0,-3.552713678800501e-15,0.0,0.0,0.0,0.0,4.263256414560601e-14,3.545978068271013,2.7767367010491837
-0.4453943920241138,-0.57893822996837,-0.6176949882172977,-0.7249576229044128,0.730803711190322,-1.0761900418347448,1.3725833852741431,-1.3725833852741454,0.5614483738231629,-0.35121710116456417,-0.21303516128150457,1.3505259219210606,1.2919829392602866,-1.1636738116540057,1.5085021150042712,-1.0567043334986919,1.539661988857655,0.0,-1.0165300454651272,0.0,0.0,-3.552713678800501e-15,0.0,0.0,0.0,0.0,4.263256414560601e-14,-0.28622422973214046,2.684706156650376
-0.4080332012740163,-0.37229028455372143,1.0876541091785654,0.6417856657505678,1.4605042794594087,-0.8184781575957117,0.9767492120865117,-0.9767492120865139,0.7041094997682306,-0.5923616556338848,-0.5668902186880421,1.3505259219210606,1.3203781686945786,-1.173115613111061,1.5642893524295673,-1.0567043334986919,1.539661988857655,0.0,-1.0165300454651272,0.0,0.0,-3.552713678800501e-15,0.0,0.0,0.0,0.0,4.263256414560601e-14,-0.4430980080129713,1.2803882198981975
-0.13156038972329437,0.4528513640046888,-1.2841532561651063,-0.8863678952102629,-0.419388253261193,-1.3390561637585583,1.5606046175382737,-1.5606046175382762,0.30058231495220916,-0.36572203677174125,-0.23255883946870975,1.3505259219210606,1.3487733981288705,-1.1819588781304462,1.620329341632996,-1.0567043334986919,1.539661988857655,0.0,-1.0165300454651272,0.0,0.0,-3.552713678800501e-15,0.0,0.0,0.0,0.0,4.263256414560601e-14,-0.40574710842229733,-0.5227287425821477
-0.5126445353742894,-1.1467008793167253,0.30358555865173154,0.0628637223873051,1.0291630279357304,-0.643234076313171,0.43742515111836017,-0.4374251511183625,0.9323673012801831,-0.2116070959454838,-0.033923337939268834,1.3505259219210606,1.3771686275631627,-1.1902009898477683,1.6766054994801616,-1.0567043334986919,1.539661988857655,0.0,-1.0165300454651272,0.0,0.0,-3.552713678800501e-15,0.0,0.0,0.0,0.0,4.263256414560601e-14,-0.12935045145130963,-0.45114943027196386
-0.5051722972242699,-1.062392656898271,0.28398384488856077,0.37468403325401983,0.041474902507796445,-0.9318713866608883,0.2840394090081532,-0.2840394090081555,1.4276052099180099,-0.8443849118085882,-1.0434728209593866,1.3505259219210606,1.4055638569974547,-1.197839509289567,1.7331011729505574,-1.0567043334986919,1.539661988857655,0.0,-1.0165300454651272,0.0,0.0,-3.552713678800501e-15,0.0,0.0,0.0,0.0,4.263256414560601e-14,-0.5103296272761846,-0.4818262784048999
-0.45286663017413337,-0.6267642998148498,-0.02964357532217216,0.19534300934190563,-0.35947449598202863,-1.2024688651118722,0.22961221019485245,-0.22961221019485475,1.5661903036932232,-0.8208143914469253,-0.9911882103954059,1.3505259219210606,1.4339590864317466,-1.2048721760950476,1.7897996440654758,-1.0567043334986919,1.539661988857655,0.0,-1.0165300454651272,0.0,0.0,-3.552713678800501e-15,0.0,0.0,0.0,0.0,4.263256414560601e-14,-0.5028594473580498,-0.526137281263585
-0.4229776775740553,-0.44925766137787904,-0.8137121258490061,-0.45066093165599264,-0.49031983362855747,-1.1380408940521112,0.14054952122763487,-0.14054952122763723,1.3521986147756773,-0.9586112797151085,-1.3386855204469865,1.3505259219210606,1.4623543158660386,-1.2112969091849575,1.8466841348351235,-1.0567043334986919,1.539661988857655,0.0,-1.0165300454651272,0.0,0.0,-3.552713678800501e-15,0.0,0.0,0.0,0.0,4.263256414560601e-14,-0.45056818793110615,-0.6727044445653901
-0.2212272475235285,0.2590838482253262,-0.598093274454127,-0.25193894052705157,-0.5468959179464673,-1.256588360802066,0.4275292967886699,-0.42752929678867224,1.3175523413318322,-0.9150964728935769,-1.2161709879237956,1.3505259219210606,1.4907495453003308,-1.2171118073774108,1.9037378122234947,-1.0567043334986919,1.539661988857655,0.0,-1.0165300454651272,0.0,0.0,-3.552713678800501e-15,0.0,0.0,0.0,0.0,4.263256414560601e-14,-0.4206874682585669,-0.6318019803881422
-0.5126445353742894,-1.1467008793167253,0.40159412746758605,0.4552399428033116,0.12957051364095312,-1.3983298971335345,0.19002879287608965,-0.19002879287609206,1.5641522876082126,-1.0184441390947143,-1.54121669286791,1.3505259219210606,1.5191447747346227,-1.222315149950481,1.960943793129551,-1.0567043334986919,1.539661988857655,0.0,-1.0165300454651272,0.0,0.0,-3.552713678800501e-15,0.0,0.0,0.0,0.0,4.263256414560601e-14,-0.21899261046892723,-0.5022775104935238
-0.4977000590742504,-0.9854252800741131,-0.20605899919071033,-0.23975981471800448,0.571842350955201,-1.2952451434379209,0.27414355467846124,-0.2741435546784637,1.4174151294933464,-0.7881782863307767,-0.9222054473102462,1.3505259219210606,1.5475400041689147,-1.226905397151386,2.0182851493831837,-1.0567043334986919,1.539661988857655,0.0,-1.0165300454651272,0.0,0.0,-3.552713678800501e-15,0.0,0.0,0.0,0.0,4.263256414560601e-14,-0.5103296272761846,-0.5295458199450224
-0.4678111064741724,-0.7309512648129848,-0.1080504303748565,-0.19025916195103165,0.6815714967791686,-0.903523079394592,0.2543518460190807,-0.2543518460190831,1.1320928776033223,-0.7247191930493765,-0.797462554895298,1.3505259219210606,1.5759352336032066,-1.230881190652129,2.075744912754541,-1.0567043334986919,1.539661988857655,0.0,-1.0165300454651272,0.0,0.0,-3.552713678800501e-15,0.0,0.0,0.0,0.0,4.263256414560601e-14,-0.4953892674399149,-0.5636312067593957
-0.44539439202411385,-0.5789382299683701,-0.5196864194014433,-0.14683496510304844,-0.7496525849348061,-0.6793137401066334,-0.002940366552881812,0.0029403665528794916,1.4948597407205781,-0.7627946490182166,-0.8709471126017465,1.3505259219210606,1.6043304630374988,-1.2342413539514496,2.1333060799752075,-1.0567043334986919,1.539661988857655,0.0,-1.0165300454651272,0.0,0.0,-3.552713678800501e-15,0.0,0.0,0.0,0.0,4.263256414560601e-14,-0.46550854776737577,-0.6761129832468274
-0.4453943920241138,-0.57893822996837,-0.3040675680065648,0.09035111167605342,-1.2114328484722947,-0.5530349168295103,-0.09200305552009941,0.09200305552009702,1.9554513759146155,-0.6920830879332279,-0.737326738397536,1.3505259219210606,1.6327256924717908,-1.2369848927229667,2.1909516177697275,-1.0567043334986919,1.539661988857655,0.0,-1.0165300454651272,0.0,0.0,-3.552713678800501e-15,0.0,0.0,0.0,0.0,4.263256414560601e-14,-0.44309800801297133,-0.6454361351138915
-0.3930887249739772,-0.3014871613682416,-1.4017635387441316,-0.7868882166499186,-2.0231248239971564,-0.5092238965088729,-0.037575856706800324,0.03757585670679811,1.1789672475566189,-0.7210929591475822,-0.7906578680017559,1.3505259219210606,1.6611209219060827,-1.2391109951094195,2.2486644678960457,-1.0567043334986919,1.539661988857655,0.0,-1.0165300454651272,0.0,0.0,-3.552713678800501e-15,0.0,0.0,0.0,0.0,4.263256414560601e-14,-0.4430980080129713,-0.6215763643438302
0.48116313857830567,1.2064764331076476,-1.1665429735860813,-0.6260439819757841,-1.1641489547949282,-0.4370645689219458,0.13065366689794458,-0.13065366689794694,0.8365805452885791,-0.2714399553250897,-0.10884446536182983,1.3505259219210606,1.6895161513403747,-1.2406190319629056,2.306427552193296,-1.0567043334986919,1.539661988857655,0.0,-1.0165300454651272,0.0,0.0,-3.552713678800501e-15,0.0,0.0,0.0,0.0,4.263256414560601e-14,-0.39080674858602765,-0.587490977529457
0.137440183677408,0.863146284034829,-0.40207613682241866,-0.012320200651680402,-2.5502099444939215,-0.1587357339437913,0.006955487776808469,-0.006955487776810789,0.9527474621295102,0.44474124027928347,0.6638314893118676,1.3505259219210606,1.7179113807746667,-1.241508557031058,2.364223777635517,-1.0567043334986919,1.539661988857655,0.0,-1.0165300454651272,0.0,0.0,-3.552713678800501e-15,0.0,0.0,0.0,0.0,4.263256414560601e-14,0.48320430183574425,-0.16483218103122851
